-- phpMyAdmin SQL Dump
-- version 2.10.0.2
-- http://www.phpmyadmin.net
-- 
-- Host: localhost
-- Generation Time: Oct 26, 2012 at 11:33 AM
-- Server version: 5.1.61
-- PHP Version: 5.3.3

SET SQL_MODE="NO_AUTO_VALUE_ON_ZERO";

-- 
-- Database: `blesta_minphp`
-- 

-- 
-- Dumping data for table `acl_aco`
-- 

INSERT INTO `acl_aco` (`id`, `alias`) VALUES 
(3, 'admin_billing'),
(2, 'admin_clients'),
(9, 'admin_company_billing'),
(15, 'admin_company_currencies'),
(14, 'admin_company_customfields'),
(13, 'admin_company_emails'),
(11, 'admin_company_gateways'),
(8, 'admin_company_general'),
(17, 'admin_company_groups'),
(10, 'admin_company_modules'),
(16, 'admin_company_plugins'),
(12, 'admin_company_taxes'),
(1, 'admin_main'),
(4, 'admin_packages'),
(6, 'admin_search'),
(7, 'admin_settings'),
(23, 'admin_system_api'),
(19, 'admin_system_automation'),
(21, 'admin_system_backup'),
(20, 'admin_system_companies'),
(18, 'admin_system_general'),
(25, 'admin_system_help'),
(26, 'admin_system_marketplace'),
(22, 'admin_system_staff'),
(24, 'admin_system_upgrade'),
(5, 'admin_tools');

-- 
-- Dumping data for table `acl_aro`
-- 

INSERT INTO `acl_aro` (`id`, `parent_id`, `alias`, `lineage`) VALUES 
(1, NULL, 'staff_group_1', '/'),
(2, NULL, 'staff_group_2', '/');

-- 
-- Dumping data for table `acl_acl`
-- 

INSERT INTO `acl_acl` (`aro_id`, `aco_id`, `action`, `permission`) VALUES 
(1, 5, 'logs', 'allow'),
(1, 10, 'install', 'allow'),
(1, 10, 'manage', 'allow'),
(1, 10, 'uninstall', 'allow'),
(1, 10, 'upgrade', 'allow'),
(1, 11, '*', 'allow'),
(1, 11, 'install', 'allow'),
(1, 11, 'manage', 'allow'),
(1, 11, 'uninstall', 'allow'),
(1, 11, 'upgrade', 'allow'),
(1, 12, 'basic', 'allow'),
(1, 12, 'rules', 'allow'),
(1, 10, '*', 'allow'),
(1, 9, 'notices', 'allow'),
(1, 9, 'invoices', 'allow'),
(1, 6, '*', 'allow'),
(1, 7, '*', 'allow'),
(1, 7, 'company', 'allow'),
(1, 7, 'system', 'allow'),
(1, 8, 'encryption', 'allow'),
(1, 8, 'international', 'allow'),
(1, 8, 'localization', 'allow'),
(1, 8, 'themes', 'allow'),
(1, 9, 'coupons', 'allow'),
(1, 9, 'customization', 'allow'),
(1, 9, 'deliverymethods', 'allow'),
(1, 13, 'mail', 'allow'),
(1, 13, 'signatures', 'allow'),
(1, 19, '*', 'allow'),
(1, 20, '*', 'allow'),
(1, 21, 'amazon', 'allow'),
(1, 21, 'download', 'allow'),
(1, 21, 'ftp', 'allow'),
(1, 21, 'upload', 'allow'),
(1, 22, 'groups', 'allow'),
(1, 22, 'manage', 'allow'),
(1, 23, '*', 'allow'),
(1, 24, '*', 'allow'),
(1, 25, '*', 'allow'),
(1, 18, 'maintenance', 'allow'),
(1, 18, 'license', 'allow'),
(1, 18, 'geoip', 'allow'),
(1, 13, 'templates', 'allow'),
(1, 14, '*', 'allow'),
(1, 15, 'active', 'allow'),
(1, 15, 'setup', 'allow'),
(1, 16, '*', 'allow'),
(1, 16, 'install', 'allow'),
(1, 16, 'manage', 'allow'),
(1, 16, 'uninstall', 'allow'),
(1, 16, 'upgrade', 'allow'),
(1, 17, '*', 'allow'),
(1, 18, 'basic', 'allow'),
(1, 26, '*', 'allow'),
(1, 1, '*', 'allow'),
(1, 2, 'deleteinvoice', 'allow'),
(1, 2, 'deletenote', 'allow'),
(1, 2, 'deleteservice', 'allow'),
(1, 2, 'edit', 'allow'),
(1, 2, 'editachaccount', 'allow'),
(1, 2, 'editccaccount', 'allow'),
(1, 2, 'editcontact', 'allow'),
(1, 2, 'editinvoice', 'allow'),
(1, 2, 'editnote', 'allow'),
(1, 2, 'editrecurinvoice', 'allow'),
(1, 2, 'editservice', 'allow'),
(1, 2, 'deletecontact', 'allow'),
(1, 2, 'deleteccaccount', 'allow'),
(1, 2, 'deleteachaccount', 'allow'),
(1, 1, 'calendar', 'allow'),
(1, 2, '*', 'allow'),
(1, 2, 'accounts', 'allow'),
(1, 2, 'add', 'allow'),
(1, 2, 'addachaccount', 'allow'),
(1, 2, 'addccaccount', 'allow'),
(1, 2, 'addcontact', 'allow'),
(1, 2, 'addnote', 'allow'),
(1, 2, 'addservice', 'allow'),
(1, 2, 'createinvoice', 'allow'),
(1, 2, 'delete', 'allow'),
(1, 2, 'edittransaction', 'allow'),
(1, 2, 'email', 'allow'),
(1, 3, 'batch', 'allow'),
(1, 3, 'invoices', 'allow'),
(1, 3, 'printqueue', 'allow'),
(1, 3, 'reports', 'allow'),
(1, 3, 'services', 'allow'),
(1, 3, 'transactions', 'allow'),
(1, 4, '*', 'allow'),
(1, 4, 'add', 'allow'),
(1, 4, 'edit', 'allow'),
(1, 4, 'groups', 'allow'),
(1, 5, '*', 'allow'),
(1, 3, '*', 'allow'),
(1, 2, 'viewinvoice', 'allow'),
(1, 2, 'view', 'allow'),
(1, 2, 'emails', 'allow'),
(1, 2, 'invoices', 'allow'),
(1, 2, 'loginasclient', 'allow'),
(1, 2, 'merge', 'allow'),
(1, 2, 'notes', 'allow'),
(1, 2, 'packages', 'allow'),
(1, 2, 'pay', 'allow'),
(1, 2, 'payinvoice', 'allow'),
(1, 2, 'quickupdate', 'allow'),
(1, 2, 'services', 'allow'),
(1, 2, 'transactions', 'allow'),
(1, 5, 'convertcurrency', 'allow'),
(2, 5, 'logs', 'deny'),
(2, 10, 'install', 'deny'),
(2, 10, 'manage', 'deny'),
(2, 10, 'uninstall', 'deny'),
(2, 10, 'upgrade', 'deny'),
(2, 11, '*', 'deny'),
(2, 11, 'install', 'deny'),
(2, 11, 'manage', 'deny'),
(2, 11, 'uninstall', 'deny'),
(2, 11, 'upgrade', 'deny'),
(2, 12, 'basic', 'deny'),
(2, 12, 'rules', 'deny'),
(2, 10, '*', 'deny'),
(2, 9, 'invoices', 'deny'),
(2, 5, 'mailer', 'deny'),
(2, 7, '*', 'deny'),
(2, 7, 'company', 'deny'),
(2, 7, 'system', 'deny'),
(2, 8, 'encryption', 'deny'),
(2, 8, 'international', 'deny'),
(2, 8, 'localization', 'deny'),
(2, 8, 'themes', 'deny'),
(2, 9, 'coupons', 'deny'),
(2, 9, 'customization', 'deny'),
(2, 9, 'deliverymethods', 'deny'),
(2, 13, 'mail', 'deny'),
(2, 13, 'signatures', 'deny'),
(2, 19, '*', 'deny'),
(2, 20, '*', 'deny'),
(2, 21, 'amazon', 'deny'),
(2, 21, 'download', 'deny'),
(2, 21, 'ftp', 'deny'),
(2, 21, 'upload', 'deny'),
(2, 22, 'groups', 'deny'),
(2, 22, 'manage', 'deny'),
(2, 23, '*', 'deny'),
(2, 24, '*', 'deny'),
(2, 25, '*', 'deny'),
(2, 18, 'maintenance', 'deny'),
(2, 18, 'geoip', 'deny'),
(2, 13, 'templates', 'deny'),
(2, 14, '*', 'deny'),
(2, 15, 'active', 'deny'),
(2, 15, 'setup', 'deny'),
(2, 16, '*', 'deny'),
(2, 16, 'install', 'deny'),
(2, 16, 'manage', 'deny'),
(2, 16, 'uninstall', 'deny'),
(2, 16, 'upgrade', 'deny'),
(2, 17, '*', 'deny'),
(2, 18, 'basic', 'deny'),
(2, 26, '*', 'deny'),
(2, 5, 'convertcurrency', 'deny'),
(2, 18, 'license', 'deny'),
(2, 4, '*', 'deny'),
(2, 4, 'add', 'deny'),
(2, 4, 'edit', 'deny'),
(2, 4, 'groups', 'deny'),
(2, 5, '*', 'deny'),
(2, 9, 'notices', 'deny'),
(2, 2, 'deleteccaccount', 'allow'),
(2, 2, 'deletecontact', 'allow'),
(2, 2, 'deleteinvoice', 'allow'),
(2, 2, 'deletenote', 'allow'),
(2, 2, 'deleteservice', 'allow'),
(2, 2, 'edit', 'allow'),
(2, 2, 'editachaccount', 'allow'),
(2, 2, 'editccaccount', 'allow'),
(2, 2, 'editcontact', 'allow'),
(2, 2, 'deleteachaccount', 'allow'),
(2, 2, 'delete', 'allow'),
(2, 2, 'createinvoice', 'allow'),
(2, 1, '*', 'allow'),
(2, 1, 'calendar', 'allow'),
(2, 2, '*', 'allow'),
(2, 2, 'accounts', 'allow'),
(2, 2, 'add', 'allow'),
(2, 2, 'addachaccount', 'allow'),
(2, 2, 'addccaccount', 'allow'),
(2, 2, 'addcontact', 'allow'),
(2, 2, 'addnote', 'allow'),
(2, 2, 'addservice', 'allow'),
(2, 2, 'editinvoice', 'allow'),
(2, 2, 'editnote', 'allow'),
(2, 2, 'services', 'allow'),
(2, 2, 'transactions', 'allow'),
(2, 2, 'view', 'allow'),
(2, 3, '*', 'allow'),
(2, 2, 'viewinvoice', 'allow'),
(2, 3, 'invoices', 'allow'),
(2, 3, 'printqueue', 'allow'),
(2, 3, 'reports', 'allow'),
(2, 3, 'services', 'allow'),
(2, 3, 'transactions', 'allow'),
(2, 2, 'quickupdate', 'allow'),
(2, 2, 'payinvoice', 'allow'),
(2, 2, 'editrecurinvoice', 'allow'),
(2, 2, 'editservice', 'allow'),
(2, 2, 'edittransaction', 'allow'),
(2, 2, 'email', 'allow'),
(2, 2, 'emails', 'allow'),
(2, 2, 'invoices', 'allow'),
(2, 2, 'merge', 'allow'),
(2, 2, 'notes', 'allow'),
(2, 2, 'packages', 'allow'),
(2, 2, 'pay', 'allow'),
(2, 6, '*', 'allow');

-- 
-- Dumping data for table `client_groups`
-- 

INSERT INTO `client_groups` (`id`, `company_id`, `name`, `description`, `color`) VALUES 
(1, 1, 'General', 'This is the default client group.', 'dcdcdc');
-- 
-- Dumping data for table `companies`
-- 

INSERT INTO `companies` (`id`, `name`, `hostname`, `address`, `phone`, `fax`) VALUES 
(1, 'My Company', '', '', '', '');

-- 
-- Dumping data for table `company_settings`
-- 

INSERT INTO `company_settings` (`key`, `company_id`, `value`, `encrypted`) VALUES 
('auto_apply_credits', 1, 'true', 0),
('auto_paid_pending_services', 1, 'true', 0),
('autodebit', 1, 'true', 0),
('autodebit_backoff', 1, 'false', 0),
('autodebit_days_before_due', 1, '1', 0),
('autosuspend', 1, 'true', 0),
('calendar_begins', 1, 'sunday', 0),
('cancelation_fee_tax', 1, 'false', 0),
('cascade_tax', 1, 'false', 0),
('client_set_currency', 1, 'false', 0),
('client_set_invoice', 1, 'true', 0),
('client_set_lang', 1, 'true', 0),
('clients_cancel_services', 1, 'false', 0),
('clients_format', 1, '{num}', 0),
('clients_increment', 1, '1', 0),
('clients_pad_size', 1, '0', 0),
('clients_pad_str', 1, '0', 0),
('clients_start', 1, '1500', 0),
('country', 1, 'US', 0),
('date_format', 1, 'M d, Y', 0),
('datetime_format', 1, 'M d, Y g:i:s A', 0),
('default_currency', 1, 'USD', 0),
('delivery_methods', 1, 'YToxOntpOjA7czo1OiJlbWFpbCI7fQ==', 0),
('enable_tax', 1, 'false', 0),
('exchange_rates_auto_update', 1, 'false', 0),
('exchange_rates_padding', 1, '3', 0),
('exchange_rates_processor', 1, 'google_finance', 0),
('html_email', 1, 'true', 0),
('interfax_password', 1, '', 1),
('interfax_username', 1, '', 1),
('inv_background', 1, '', 0),
('inv_days_before_renewal', 1, '5', 0),
('inv_display_companyinfo', 1, 'true', 0),
('inv_display_logo', 1, 'true', 0),
('inv_display_paid_watermark', 1, 'true', 0),
('inv_draft_format', 1, 'DRAFT-{num}', 0),
('inv_format', 1, '{num}', 0),
('inv_increment', 1, '1', 0),
('inv_logo', 1, '', 0),
('inv_method', 1, 'email', 0),
('inv_mimetype', 1, 'application/pdf', 0),
('inv_pad_size', 1, '0', 0),
('inv_pad_str', 1, '0', 0),
('inv_paper_size', 1, 'letter', 0),
('inv_start', 1, '1', 0),
('inv_suspended_services', 1, 'true', 0),
('inv_template', 1, 'default_invoice', 0),
('inv_terms', 1, '', 0),
('language', 1, 'en_us', 0),
('mail_delivery', 1, 'php', 0),
('multi_currency_pricing', 1, 'package', 0),
('notice_pending_autodebit', 1, '1', 0),
('notice1', 1, '-1', 0),
('notice2', 1, '3', 0),
('notice3', 1, '7', 0),
('packages_format', 1, '{num}', 0),
('packages_increment', 1, '1', 0),
('packages_pad_size', 1, '0', 0),
('packages_pad_str', 1, '0', 0),
('packages_start', 1, '1', 0),
('payments_allowed_ach', 1, 'true', 0),
('payments_allowed_cc', 1, 'true', 0),
('postalmethods_apikey', 1, '', 1),
('postalmethods_replyenvelope', 1, 'false', 0),
('postalmethods_testmode', 1, 'true', 0),
('private_key', 1, '', 0),
('private_key_passphrase', 1, '', 0),
('public_key', 1, '', 0),
('services_format', 1, '{num}', 0),
('services_increment', 1, '1', 0),
('services_pad_size', 1, '0', 0),
('services_pad_str', 1, '0', 0),
('services_start', 1, '1', 0),
('setup_fee_tax', 1, 'false', 0),
('show_currency_code', 1, 'false', 0),
('smtp_host', 1, '', 0),
('smtp_password', 1, '', 1),
('smtp_port', 1, '465', 0),
('smtp_security', 1, 'ssl', 0),
('smtp_user', 1, '', 1),
('suspend_services_days_after_due', 1, '7', 0),
('tax_exempt', 1, 'false', 0),
('tax_id', 1, '', 0),
('theme_admin', 1, '1', 0),
('theme_client', 1, '12', 0),
('timezone', 1, 'America/Los_Angeles', 0);

-- 
-- Dumping data for table `countries`
-- 

INSERT INTO `countries` (`alpha2`, `alpha3`, `name`, `alt_name`) VALUES 
('AD', 'AND', 'Andorra', NULL),
('AE', 'ARE', 'United Arab Emirates', 'الإمارات العربية المتحدة'),
('AF', 'AFG', 'Afghanistan', 'افغانستان'),
('AG', 'ATG', 'Antigua and Barbuda', NULL),
('AI', 'AIA', 'Anguilla', NULL),
('AL', 'ALB', 'Albania', 'Shqipëria'),
('AM', 'ARM', 'Armenia', 'Հայաստան'),
('AN', 'ANT', 'Netherlands Antilles', 'Nederland'),
('AO', 'AGO', 'Angola', NULL),
('AQ', 'ATA', 'Antarctica', NULL),
('AR', 'ARG', 'Argentina', NULL),
('AS', 'ASM', 'American Samoa', 'Sāmoa'),
('AT', 'AUT', 'Austria', 'Österreich'),
('AU', 'AUS', 'Australia', NULL),
('AW', 'ABW', 'Aruba', NULL),
('AX', 'ALA', 'Åland Islands', NULL),
('AZ', 'AZE', 'Azerbaijan', 'Azərbaycan'),
('BA', 'BIH', 'Bosnia and Herzegovina', 'Bosna i Hercegovina'),
('BB', 'BRB', 'Barbados', NULL),
('BD', 'BGD', 'Bangladesh', 'বাংলাদেশ'),
('BE', 'BEL', 'Belgium', 'België'),
('BF', 'BFA', 'Burkina Faso', NULL),
('BG', 'BGR', 'Bulgaria', 'България'),
('BH', 'BHR', 'Bahrain', 'البحرين'),
('BI', 'BDI', 'Burundi', 'Uburundi'),
('BJ', 'BEN', 'Benin', 'Bénin'),
('BL', 'BLM', 'Saint Barthélemy', NULL),
('BM', 'BMU', 'Bermuda', NULL),
('BN', 'BRN', 'Brunei Darussalam', NULL),
('BO', 'BOL', 'Bolivia, Plurinational State of', 'Wuliwya'),
('BR', 'BRA', 'Brazil', 'Brasil'),
('BS', 'BHS', 'Bahamas', NULL),
('BT', 'BTN', 'Bhutan', 'འབྲུག་ཡུལ།'),
('BV', 'BVT', 'Bouvet Island', NULL),
('BW', 'BWA', 'Botswana', NULL),
('BY', 'BLR', 'Belarus', 'Беларусь'),
('BZ', 'BLZ', 'Belize', NULL),
('CA', 'CAN', 'Canada', NULL),
('CC', 'CCK', 'Cocos (Keeling) Islands', NULL),
('CD', 'COD', 'Congo, the Democratic Republic of the', 'Congo, République Démocratique'),
('CF', 'CAF', 'Central African Republic', 'Centrafrique'),
('CG', 'COG', 'Congo', 'Congo, République'),
('CH', 'CHE', 'Switzerland', 'Schweiz'),
('CI', 'CIV', 'Côte D''Ivoire', NULL),
('CK', 'COK', 'Cook Islands', NULL),
('CL', 'CHL', 'Chile', NULL),
('CM', 'CMR', 'Cameroon', 'Cameroun'),
('CN', 'CHN', 'China', '中國/中国'),
('CO', 'COL', 'Colombia', NULL),
('CR', 'CRI', 'Costa Rica', NULL),
('CU', 'CUB', 'Cuba', NULL),
('CV', 'CPV', 'Cape Verde', 'Cabo Verde'),
('CX', 'CXR', 'Christmas Island', NULL),
('CY', 'CYP', 'Cyprus', 'Κύπρος'),
('CZ', 'CZE', 'Czech Republic', NULL),
('DE', 'DEU', 'Germany', 'Deutschland'),
('DJ', 'DJI', 'Djibouti', 'جيبوتي'),
('DK', 'DNK', 'Denmark', 'Danmark'),
('DM', 'DMA', 'Dominica', NULL),
('DO', 'DOM', 'Dominican Republic', 'República Dominicana'),
('DZ', 'DZA', 'Algeria', 'الجزائر'),
('EC', 'ECU', 'Ecuador', NULL),
('EE', 'EST', 'Estonia', 'Eesti'),
('EG', 'EGY', 'Egypt', 'مصر'),
('EH', 'ESH', 'Western Sahara', 'الصحراء الغربية'),
('ER', 'ERI', 'Eritrea', 'ኤርትራ'),
('ES', 'ESP', 'Spain', 'España'),
('ET', 'ETH', 'Ethiopia', 'ኢትዮጵያ'),
('FI', 'FIN', 'Finland', 'Suomi'),
('FJ', 'FJI', 'Fiji', 'Viti'),
('FK', 'FLK', 'Falkland Islands (Malvinas)', NULL),
('FM', 'FSM', 'Micronesia, Federated States of', NULL),
('FO', 'FRO', 'Faroe Islands', NULL),
('FR', 'FRA', 'France', NULL),
('GA', 'GAB', 'Gabon', NULL),
('GB', 'GBR', 'United Kingdom', NULL),
('GD', 'GRD', 'Grenada', NULL),
('GE', 'GEO', 'Georgia', 'საქართველო'),
('GF', 'GUF', 'French Guiana', NULL),
('GG', 'GGY', 'Guernsey', NULL),
('GH', 'GHA', 'Ghana', NULL),
('GI', 'GIB', 'Gibraltar', NULL),
('GL', 'GRL', 'Greenland', NULL),
('GM', 'GMB', 'Gambia', NULL),
('GN', 'GIN', 'Guinea', 'Guinée'),
('GP', 'GLP', 'Guadeloupe', NULL),
('GQ', 'GNQ', 'Equatorial Guinea', 'Guinée'),
('GR', 'GRC', 'Greece', 'Ελλάδα'),
('GS', 'SGS', 'South Georgia and the South Sandwich Islands', 'საქართველო'),
('GT', 'GTM', 'Guatemala', NULL),
('GU', 'GUM', 'Guam', NULL),
('GW', 'GNB', 'Guinea-Bissau', 'Guiné-Bissau'),
('GY', 'GUY', 'Guyana', NULL),
('HK', 'HKG', 'Hong Kong', NULL),
('HM', 'HMD', 'Heard Island and Mcdonald Islands', NULL),
('HN', 'HND', 'Honduras', NULL),
('HR', 'HRV', 'Croatia', 'Hrvatska'),
('HT', 'HTI', 'Haiti', 'Haïti'),
('HU', 'HUN', 'Hungary', 'Magyarország'),
('ID', 'IDN', 'Indonesia', NULL),
('IE', 'IRL', 'Ireland', 'Éire'),
('IL', 'ISR', 'Israel', 'إسرائيل'),
('IM', 'IMN', 'Isle of Man', NULL),
('IN', 'IND', 'India', 'भारत'),
('IO', 'IOT', 'British Indian Ocean Territory', 'भारत'),
('IQ', 'IRQ', 'Iraq', 'العراق'),
('IR', 'IRN', 'Iran, Islamic Republic of', 'ایران'),
('IS', 'ISL', 'Iceland', 'Ísland'),
('IT', 'ITA', 'Italy', 'Italia'),
('JE', 'JEY', 'Jersey', NULL),
('JM', 'JAM', 'Jamaica', NULL),
('JO', 'JOR', 'Jordan', 'الأردن'),
('JP', 'JPN', 'Japan', '日本'),
('KE', 'KEN', 'Kenya', NULL),
('KG', 'KGZ', 'Kyrgyzstan', 'Кыргызстан'),
('KH', 'KHM', 'Cambodia', 'កម្ពុជា'),
('KI', 'KIR', 'Kiribati', NULL),
('KM', 'COM', 'Comoros', 'Komori'),
('KN', 'KNA', 'Saint Kitts and Nevis', NULL),
('KP', 'PRK', 'Korea, Democratic People''s Republic of', '조선'),
('KR', 'KOR', 'Korea, Republic of', '한국'),
('KW', 'KWT', 'Kuwait', 'الكويت'),
('KY', 'CYM', 'Cayman Islands', NULL),
('KZ', 'KAZ', 'Kazakhstan', 'Қазақстан'),
('LA', 'LAO', 'Lao People''s Democratic Republic', NULL),
('LB', 'LBN', 'Lebanon', 'لبنان'),
('LC', 'LCA', 'Saint Lucia', NULL),
('LI', 'LIE', 'Liechtenstein', NULL),
('LK', 'LKA', 'Sri Lanka', 'ශ්‍රී ලංකාව'),
('LR', 'LBR', 'Liberia', NULL),
('LS', 'LSO', 'Lesotho', NULL),
('LT', 'LTU', 'Lithuania', 'Lietuva'),
('LU', 'LUX', 'Luxembourg', 'Luxemburg'),
('LV', 'LVA', 'Latvia', 'Latvija'),
('LY', 'LBY', 'Libyan Arab Jamahiriya', 'ليبيا'),
('MA', 'MAR', 'Morocco', 'المغرب'),
('MC', 'MCO', 'Monaco', NULL),
('MD', 'MDA', 'Moldova, Republic of', NULL),
('ME', 'MNE', 'Montenegro', 'Црна Гора'),
('MF', 'MAF', 'Saint Martin', NULL),
('MG', 'MDG', 'Madagascar', 'Madagasikara'),
('MH', 'MHL', 'Marshall Islands', 'Aelōn̄ in M̧ajeļ'),
('MK', 'MKD', 'Macedonia, the Former Yugoslav Republic of', 'Македонија'),
('ML', 'MLI', 'Mali', NULL),
('MM', 'MMR', 'Myanmar', NULL),
('MN', 'MNG', 'Mongolia', 'Монгол улс'),
('MO', 'MAC', 'Macao', NULL),
('MP', 'MNP', 'Northern Mariana Islands', NULL),
('MQ', 'MTQ', 'Martinique', NULL),
('MR', 'MRT', 'Mauritania', 'موريتانيا'),
('MS', 'MSR', 'Montserrat', NULL),
('MT', 'MLT', 'Malta', NULL),
('MU', 'MUS', 'Mauritius', 'Maurice'),
('MV', 'MDV', 'Maldives', 'ދިވެހިރާއްޖެ'),
('MW', 'MWI', 'Malawi', 'Malaŵi'),
('MX', 'MEX', 'Mexico', 'México'),
('MY', 'MYS', 'Malaysia', NULL),
('MZ', 'MOZ', 'Mozambique', 'Moçambique'),
('NA', 'NAM', 'Namibia', NULL),
('NC', 'NCL', 'New Caledonia', NULL),
('NE', 'NER', 'Niger', NULL),
('NF', 'NFK', 'Norfolk Island', NULL),
('NG', 'NGA', 'Nigeria', NULL),
('NI', 'NIC', 'Nicaragua', NULL),
('NL', 'NLD', 'Netherlands', 'Nederland'),
('NO', 'NOR', 'Norway', 'Norge / Noreg'),
('NP', 'NPL', 'Nepal', 'नेपाल'),
('NR', 'NRU', 'Nauru', 'Naoero'),
('NU', 'NIU', 'Niue', NULL),
('NZ', 'NZL', 'New Zealand', 'Aotearoa'),
('OM', 'OMN', 'Oman', 'عمان'),
('PA', 'PAN', 'Panama', 'Panamá'),
('PE', 'PER', 'Peru', 'Perú'),
('PF', 'PYF', 'French Polynesia', NULL),
('PG', 'PNG', 'Papua New Guinea', 'Papua Niugini'),
('PH', 'PHL', 'Philippines', 'Pilipinas'),
('PK', 'PAK', 'Pakistan', 'پاکستان'),
('PL', 'POL', 'Poland', 'Polska'),
('PM', 'SPM', 'Saint Pierre and Miquelon', NULL),
('PN', 'PCN', 'Pitcairn', NULL),
('PR', 'PRI', 'Puerto Rico', NULL),
('PS', 'PSE', 'Palestinian Territory, Occupied', NULL),
('PT', 'PRT', 'Portugal', NULL),
('PW', 'PLW', 'Palau', 'Belau'),
('PY', 'PRY', 'Paraguay', 'Paraguái'),
('QA', 'QAT', 'Qatar', 'قطر'),
('RE', 'REU', 'Réunion', NULL),
('RO', 'ROM', 'Romania', 'România'),
('RS', 'SRB', 'Serbia', 'Србија'),
('RU', 'RUS', 'Russian Federation', 'Россия'),
('RW', 'RWA', 'Rwanda', NULL),
('SA', 'SAU', 'Saudi Arabia', 'العربية السعودية'),
('SB', 'SLB', 'Solomon Islands', NULL),
('SC', 'SYC', 'Seychelles', 'Sesel'),
('SD', 'SDN', 'Sudan', 'السودان'),
('SE', 'SWE', 'Sweden', 'Sverige'),
('SG', 'SGP', 'Singapore', '新加坡'),
('SH', 'SHN', 'Saint Helena, Ascension and Tristan Da Cunha', NULL),
('SI', 'SVN', 'Slovenia', 'Slovenija'),
('SJ', 'SJM', 'Svalbard and Jan Mayen', NULL),
('SK', 'SVK', 'Slovakia', 'Slovensko'),
('SL', 'SLE', 'Sierra Leone', NULL),
('SM', 'SMR', 'San Marino', NULL),
('SN', 'SEN', 'Senegal', 'Sénégal'),
('SO', 'SOM', 'Somalia', 'Soomaaliya'),
('SR', 'SUR', 'Suriname', NULL),
('ST', 'STP', 'Sao Tome and Principe', 'São Tomé e Príncipe'),
('SV', 'SLV', 'El Salvador', NULL),
('SY', 'SYR', 'Syrian Arab Republic', 'سورية'),
('SZ', 'SWZ', 'Swaziland', 'eSwatini'),
('TC', 'TCA', 'Turks and Caicos Islands', NULL),
('TD', 'TCD', 'Chad', 'Tchad'),
('TF', 'ATF', 'French Southern Territories', NULL),
('TG', 'TGO', 'Togo', NULL),
('TH', 'THA', 'Thailand', 'ประเทศไทย'),
('TJ', 'TJK', 'Tajikistan', 'Тоҷикистон'),
('TK', 'TKL', 'Tokelau', NULL),
('TL', 'TLS', 'Timor-Leste', NULL),
('TM', 'TKM', 'Turkmenistan', 'Türkmenistan'),
('TN', 'TUN', 'Tunisia', 'تونس'),
('TO', 'TON', 'Tonga', NULL),
('TR', 'TUR', 'Turkey', 'Türkiye'),
('TT', 'TTO', 'Trinidad and Tobago', NULL),
('TV', 'TUV', 'Tuvalu', NULL),
('TW', 'TWN', 'Taiwan, Province of China', '臺灣/台湾'),
('TZ', 'TZA', 'Tanzania, United Republic of', NULL),
('UA', 'UKR', 'Ukraine', 'Україна'),
('UG', 'UGA', 'Uganda', NULL),
('UM', 'UMI', 'United States Minor Outlying Islands', NULL),
('US', 'USA', 'United States', NULL),
('UY', 'URY', 'Uruguay', NULL),
('UZ', 'UZB', 'Uzbekistan', 'Oʻzbekiston'),
('VA', 'VAT', 'Holy See (Vatican City State)', 'Vaticanum'),
('VC', 'VCT', 'Saint Vincent and the Grenadines', NULL),
('VE', 'VEN', 'Venezuela, Bolivarian Republic of', NULL),
('VG', 'VGB', 'Virgin Islands, British', NULL),
('VI', 'VIR', 'Virgin Islands, U.S.', NULL),
('VN', 'VNM', 'Viet Nam', 'Việt Nam'),
('VU', 'VUT', 'Vanuatu', NULL),
('WF', 'WLF', 'Wallis and Futuna', NULL),
('WS', 'WSM', 'Samoa', 'Sāmoa'),
('YE', 'YEM', 'Yemen', 'اليمن'),
('YT', 'MYT', 'Mayotte', NULL),
('ZA', 'ZAF', 'South Africa', 'Suid-Afrika'),
('ZM', 'ZMB', 'Zambia', NULL),
('ZW', 'ZWE', 'Zimbabwe', NULL);

-- 
-- Dumping data for table `cron_tasks`
-- 

INSERT INTO `cron_tasks` (`id`, `key`, `plugin_dir`, `name`, `description`, `is_lang`, `type`) VALUES 
(1, 'create_invoice', NULL, 'CronTasks.crontask.name.create_invoice', 'CronTasks.crontask.description.create_invoice', 1, 'time'),
(2, 'autodebit', NULL, 'CronTasks.crontask.name.autodebit', 'CronTasks.crontask.description.autodebit', 1, 'time'),
(3, 'payment_reminders', NULL, 'CronTasks.crontask.name.payment_reminders', 'CronTasks.crontask.description.payment_reminders', 1, 'time'),
(4, 'apply_payments', NULL, 'CronTasks.crontask.name.apply_payments', 'CronTasks.crontask.description.apply_payments', 1, 'interval'),
(5, 'provision_pending_services', NULL, 'CronTasks.crontask.name.provision_pending_services', 'CronTasks.crontask.description.provision_pending_services', 1, 'interval'),
(6, 'cancel_scheduled_services', NULL, 'CronTasks.crontask.name.cancel_scheduled_services', 'CronTasks.crontask.description.cancel_scheduled_services', 1, 'time'),
(7, 'card_expiration_reminders', NULL, 'CronTasks.crontask.name.card_expiration_reminders', 'CronTasks.crontask.description.card_expiration_reminders', 1, 'time'),
(8, 'deliver_invoices', NULL, 'CronTasks.crontask.name.deliver_invoices', 'CronTasks.crontask.description.deliver_invoices', 1, 'interval'),
(9, 'backups_sftp', NULL, 'CronTasks.crontask.name.backups_sftp', 'CronTasks.crontask.description.backups_sftp', 1, 'interval'),
(10, 'suspend_services', NULL, 'CronTasks.crontask.name.suspend_services', 'CronTasks.crontask.description.suspend_services', 1, 'time'),
(11, 'exchange_rates', NULL, 'CronTasks.crontask.name.exchange_rates', 'CronTasks.crontask.description.exchange_rates', 1, 'interval'),
(12, 'deliver_reports', NULL, 'CronTasks.crontask.name.deliver_reports', 'CronTasks.crontask.description.deliver_reports', 1, 'time'),
(13, 'cleanup_logs', NULL, 'CronTasks.crontask.name.cleanup_logs', 'CronTasks.crontask.description.cleanup_logs', 1, 'time'),
(14, 'backups_amazons3', NULL, 'CronTasks.crontask.name.backups_amazons3', 'CronTasks.crontask.description.backups_amazons3', 1, 'interval'),
(15, 'process_renewing_services', NULL, 'CronTasks.crontask.name.process_renewing_services', 'CronTasks.crontask.description.process_renewing_services', 1, 'interval'),
(16, 'unsuspend_services', NULL, 'CronTasks.crontask.name.unsuspend_services', 'CronTasks.crontask.description.unsuspend_services', 1, 'interval'),
(17, 'license_validation', NULL, 'CronTasks.crontask.name.license_validation', NULL, 1, 'interval');

-- 
-- Dumping data for table `cron_tasks`
-- 

INSERT INTO `cron_task_runs` (`id`, `task_id`, `company_id`, `time`, `interval`, `enabled`, `date_enabled`) VALUES 
(1, 1, 1, '16:05:00', NULL, 1, '2012-01-01 00:00:00'),
(2, 2, 1, '20:00:00', NULL, 1, '2012-01-01 00:00:00'),
(3, 3, 1, '18:00:00', NULL, 1, '2012-01-01 00:00:00'),
(4, 4, 1, NULL, 5, 1, '2012-01-01 00:00:00'),
(5, 5, 1, NULL, 5, 1, '2012-01-01 00:00:00'),
(6, 6, 1, '16:00:00', NULL, 1, '2012-01-01 00:00:00'),
(7, 7, 1, '19:00:00', NULL, 1, '2012-01-01 00:00:00'),
(8, 8, 1, NULL, 5, 1, '2012-01-01 00:00:00'),
(9, 9, 0, NULL, 1440, 1, '2012-01-01 00:00:00'),
(10, 10, 1, '17:00:00', NULL, 1, '2012-01-01 00:00:00'),
(11, 11, 1, NULL, 1380, 0, NULL),
(12, 12, 1, '20:00:00', NULL, 0, NULL),
(13, 13, 1, '00:00:00', NULL, 1, '2012-01-01 00:00:00'),
(14, 14, 0, NULL, 1440, 1, '2012-01-01 00:00:00'),
(15, 15, 1, NULL, 5, 1, '2012-01-01 00:00:00'),
(16, 16, 1, NULL, 5, 1, '2012-01-01 00:00:00'),
(17, 17, 0, NULL, 1440, 1, '2012-01-01 00:00:00');

-- 
-- Dumping data for table `currencies`
-- 

INSERT INTO `currencies` (`code`, `company_id`, `format`, `prefix`, `suffix`, `exchange_rate`, `exchange_updated`) VALUES 
('AUD', 1, '#,###.##', '$', NULL, 1.000000, NULL),
('EUR', 1, '#,###.##', '€', NULL, 1.000000, NULL),
('GBP', 1, '#,###.##', '£', NULL, 1.000000, NULL),
('INR', 1, '#,##,###.##', 'Rs.', NULL, 1.000000, NULL),
('JPY', 1, '#,###', '¥', NULL, 1.000000, NULL),
('USD', 1, '#,###.##', '$', NULL, 1.000000, NULL);

-- 
-- Dumping data for table `emails`
-- 

INSERT INTO `emails` (`id`, `email_group_id`, `company_id`, `lang`, `from`, `from_name`, `subject`, `text`, `html`, `email_signature_id`, `status`) VALUES 
(1, 1, 1, 'en_us', 'billing@domain.com', 'Billing Department', 'Payment Received', 'Hi {contact.first_name},\r\n\r\nWe have successfully processed payment with your {card_type}, ending in {last_four}. Please keep this email as a receipt for your records.\r\n\r\nAmount: {amount}\r\nTransaction Number: {response.transaction_id}\r\n\r\nThe charge will be listed as being from {company_name} on your credit card statement.\r\n\r\nThank you for your business!', '<p>\r\n	Hi {contact.first_name},<br />\r\n	<br />\r\n	We have successfully processed payment with your {card_type}, ending in {last_four}. Please keep this email as a receipt for your records.<br />\r\n	<br />\r\n	Amount: {amount}<br />\r\n	Transaction Number: {response.transaction_id}<br />\r\n	<br />\r\n	The charge will be listed as being from {company.name} on your credit card statement.<br />\r\n	<br />\r\n	Thank you for your business!</p>\r\n', 1, 'active'),
(2, 2, 1, 'en_us', 'billing@domain.com', 'Billing Department', 'Payment Declined', 'Hi {contact.first_name},\r\n\r\nWe tried to charge your {card_type}, ending in {last_four}, in the amount of {amount}, but it was declined.\r\n\r\nResponse Message: {response.message}\r\n\r\nPlease verify that the account details we have on file are correct.\r\n\r\nWe will attempt to charge your card again once a day until it is successful, up to three times.', '<p>\r\n	Hi {contact.first_name},<br />\r\n	<br />\r\n	We tried to charge your {card_type}, ending in {last_four}, in the amount of {amount}, but it was declined.<br />\r\n	<br />\r\n	<strong>Response Message: {response.message}</strong></p>\r\n<p>\r\n	<strong>Please verify that the account details we have on file are correct.</strong><br />\r\n	<br />\r\n	We will attempt to charge your card again once a day until it is successful, up to three times.</p>\r\n', 1, 'active'),
(3, 3, 1, 'en_us', 'billing@domain.com', 'Billing Department', 'Payment Error', 'Hi {contact.first_name},\r\n\r\nWe tried to charge your {card_type}, ending in {last_four}, in the amount of {amount}, but the request resulted in an error.\r\n\r\nError Response: {response.message}\r\n\r\nPlease verify that the account details we have on file are correct.\r\n\r\nWe will attempt to charge your card again once a day until it is successful, up to three times.', '<p>\r\n	Hi {contact.first_name},<br />\r\n	<br />\r\n	We tried to charge your {card_type}, ending in {last_four}, in the amount of {amount}, but the request resulted in an error.</p>\r\n<p>\r\n	<strong>Error Response: {response.message}</strong></p>\r\n<p>\r\n	<strong>Please verify that the account details we have on file are correct.</strong><br />\r\n	<br />\r\n	We will attempt to charge your card again once a day until it is successful, up to three times.</p>\r\n', 1, 'active'),
(4, 4, 1, 'en_us', 'billing@domain.com', 'Billing Department', 'Payment Submitted', 'Hi {contact.first_name},\r\n\r\nWe have submitted a debit request to your bank for your {account_type} account, ending in {last_four}. Funds should be withdrawn within the next 72 hours, but you may see a pending request in your online banking now. Please keep this email as a receipt for your records.\r\n\r\nAmount: {amount}\r\nTransaction Number: {response.transaction_id}\r\n\r\nThe charge will be listed as being from {company_name} on your bank statement.\r\n\r\nThank you for your business!', '<p>\r\n	Hi {contact.first_name},<br />\r\n	<br />\r\n	We have submitted a debit request to your bank for your {account_type} account, ending in {last_four}. Funds should be withdrawn within the next 72 hours, but you may see a pending request in your online banking now. Please keep this email as a receipt for your records.<br />\r\n	<br />\r\n	Amount: {amount}<br />\r\n	Transaction Number: {response.transaction_id}<br />\r\n	<br />\r\n	The charge will be listed as being from {company.name} on your bank statement.<br />\r\n	<br />\r\n	Thank you for your business!</p>\r\n', 1, 'active'),
(5, 5, 1, 'en_us', 'billing@domain.com', 'Billing Department', 'Payment Declined', 'Hi {contact.first_name},\r\n\r\nWe submitted a debit request to your bank for your {account_type} account, ending in {last_four}, in the amount of {amount}, but the request was declined.\r\n\r\nResponse Message: {response.message}\r\n\r\nPlease verify that the account details we have on file are correct.\r\n\r\nWe will attempt this request again once a day until it is successful, up to three times.', '<p>\r\n	Hi {contact.first_name},<br />\r\n	<br />\r\n	We submitted a debit request to your bank for your {account_type} account, ending in {last_four}, in the amount of {amount}, but the request was declined.</p>\r\n<p>\r\n	<strong>Response Message: {response.message}</strong><br />\r\n	<br />\r\n	<strong>Please verify that the account details we have on file are correct.</strong><br />\r\n	<br />\r\n	We will attempt this request again once a day until it is successful, up to three times.</p>\r\n', 1, 'active'),
(6, 6, 1, 'en_us', 'billing@domain.com', 'Billing Department', 'Payment Error', 'Hi {contact.first_name},\r\n\r\nWe submitted a debit request to your bank for your {account_type} account, ending in {last_four}, in the amount of {amount}, but the request resulted in an error.\r\n\r\nResponse Message: {response.message}\r\n\r\nPlease verify that the account details we have on file are correct.\r\n\r\nWe will attempt this request again once a day until it is successful, up to three times.', '<p>\r\n	Hi {contact.first_name},<br />\r\n	<br />\r\n	We submitted a debit request to your bank for your {account_type} account, ending in {last_four}, in the amount of {amount}, but the request resulted in an error.</p>\r\n<p>\r\n	<strong>Response Message: {response.message}</strong></p>\r\n<p>\r\n	<strong>Please verify that the account details we have on file are correct.</strong><br />\r\n	<br />\r\n	We will attempt this request again once a day until it is successful, up to three times.</p>\r\n', 1, 'active'),
(7, 7, 1, 'en_us', 'billing@domain.com', 'Billing Department', 'Payment Received', 'Hi {contact.first_name},\r\n\r\nWe have received your {payment_type} payment in the amount of {amount} and it has been applied to your account. Please keep this email as a receipt for your records.\r\n\r\nAmount: {amount}\r\nTransaction Number: {transaction_id}\r\n\r\nThank you for your business!', '<p>\r\n	Hi {contact.first_name},<br />\r\n	<br />\r\n	We have received your {payment_type} payment in the amount of {amount} and it has been applied to your account. Please keep this email as a receipt for your records.<br />\r\n	<br />\r\n	Amount: {amount}<br />\r\n	Transaction Number: {transaction_id}<br />\r\n	<br />\r\n	Thank you for your business!</p>\r\n', 1, 'active'),
(8, 8, 1, 'en_us', 'billing@domain.com', 'Billing Department', 'Credit Card Expiring Soon', 'Hi {contact.first_name},\r\n\r\nYour {card_type} ending in {last_four} is expiring this month.\r\n\r\nTo update your card, please log into our client area at http://{client_url}. If the card is not updated, we''ll be unable to process payment for any current or future charges.\r\n\r\nThank you!', '<p>\r\n	Hi {contact.first_name},<br />\r\n	<br />\r\n	Your {card_type} ending in {last_four} is expiring this month.<br />\r\n	<br />\r\n	To update your card, please log into our client area at <a href="http://{client_url}">http://{client_url}</a>. If the card is not updated, we''ll be unable to process payment for any current or future charges.<br />\r\n	<br />\r\n	Thank you!</p>\r\n', 1, 'active'),
(9, 9, 1, 'en_us', 'billing@domain.com', 'Billing Department', 'Invoice Due', 'Hi {contact.first_name},\r\n\r\nAn invoice has been created for your account and is attached to this email in PDF format.\r\n{% for invoice in invoices %}\r\nInvoice #: {invoice.id_code}\r\n\r\n{% if autodebit %}Auto debit is enabled for your account, so we''ll automatically process the card you have on file on {invoice.autodebit_date_formatted} unless payment has been applied sooner.{% else %}If you would like us to automatically charge your card, login to your account at http://{login_url} to set up auto debit.{% endif %}\r\n\r\nPay Now, visit http://{invoice.payment_url} (No login required)\r\n{% endfor %}\r\nIf you have any questions about your invoice, please let us know!', '<p>\r\n	Hi {contact.first_name},<br />\r\n	<br />\r\n	An invoice has been created for your account and is attached to this email in PDF format.<br />\r\n	{% for invoice in invoices %}<br />\r\n	Invoice #:<strong> {invoice.id_code}</strong></p>\r\n<p>\r\n	{% if autodebit %}Auto debit is enabled for your account, so we''ll automatically process the card you have on file on <strong>{invoice.autodebit_date_formatted}</strong> unless payment has been applied sooner.{% else %}If you would like us to automatically charge your card, login to your account at <a href="http://{client_url}">http://{client_url}</a> to set up auto debit.{% endif %}<br />\r\n	<br />\r\n	<a href="http://{invoice.payment_url}">Pay Now</a> (No login required)<br />\r\n	{% endfor %}<br />\r\n	If you have any questions about your invoice, please let us know!</p>\r\n', 1, 'active'),
(10, 10, 1, 'en_us', 'billing@domain.com', 'Billing Department', 'Invoice Due (Copy)', 'Hi {contact.first_name},\r\n\r\nAn invoice has been created for your account and is attached to this email in PDF format.\r\n{% for invoice in invoices %}\r\nInvoice #: {invoice.id_code}{% endfor %}\r\nThis invoice has already been paid, so no payment is necessary for this one, but your account may have other balances. To login to your account, please visit http://{client_url}.\r\n\r\nIf you have any questions about your invoice, please let us know!', '<p>\r\n	Hi {contact.first_name},<br />\r\n	<br />\r\n	An invoice has been created for your account and is attached to this email in PDF format.<br />\r\n	{% for invoice in invoices %}<br />\r\n	Invoice #:<strong> {invoice.id_code}</strong>{% endfor %}</p>\r\n<p>\r\n	This invoice has already been paid, so no payment is necessary for this one, but your account may have other balances. To login to your account, please visit <a href="http://{client_url}">http://{client_url}</a>.<br />\r\n	<br />\r\n	If you have any questions about your invoice, please let us know!</p>\r\n', 1, 'active'),
(11, 11, 1, 'en_us', 'billing@domain.com', 'Billing Department', 'Invoice Due: Reminder', 'Hi {contact.first_name},\r\n\r\nThis is a reminder that invoice #{invoice.id_code} is due on {invoice.date_due_formatted}. If you have recently mailed in payment for this invoice, you can ignore this reminder.\r\n\r\nPay Now.. http://{payment_url} (No Login Required)\r\n\r\nThank you for your continued business!', '<p>\r\n	Hi {contact.first_name},<br />\r\n	<br />\r\n	This is a reminder that invoice <strong>#{invoice.id_code}</strong> is due on <strong>{invoice.date_due_formatted}</strong>. If you have recently mailed in payment for this invoice, you can ignore this reminder.</p>\r\n<p>\r\n	<a href="http://{payment_url}">Pay Now</a> (No login required)<br />\r\n	<br />\r\n	Thank you for your continued business!</p>\r\n', 1, 'active'),
(12, 12, 1, 'en_us', 'billing@domain.com', 'Billing Department', 'Invoice Due: 2nd Notice', 'Hi {contact.first_name},\r\n\r\nThis is the 2nd notice we have sent regarding invoice #{invoice.id_code}. It was due on {invoice.date_due_formatted} and is now past due. If you have recently mailed in payment for this invoice, you can ignore this email.\r\n\r\nPay Now.. http://{payment_url} (No login required)', '<p>\r\n	Hi {contact.first_name},<br />\r\n	<br />\r\n	This is the <strong>2nd notice</strong> we have sent regarding invoice <strong>#{invoice.id_code}</strong>. It was due on <strong>{invoice.date_due_formatted}</strong> and is now past due. If you have recently mailed in payment for this invoice, you can ignore this email.<br />\r\n	<br />\r\n	<a href="http://{payment_url}">Pay Now</a> (No login required)</p>\r\n', 1, 'active'),
(13, 13, 1, 'en_us', 'billing@domain.com', 'Billing Department', 'Invoice Due: Last Notice', 'Hi {contact.first_name},\r\n\r\nThis is the 3rd notice we have sent regarding invoice #{invoice.id_code}. It was due on {invoice.date_due_formatted} and is now past due. This is the last notice we will send regarding this particular invoice. If payment is not received soon, the account may be suspended.\r\n\r\nPay Now.. http://{payment_url} (No login required)', '<p>\r\n	Hi {contact.first_name},<br />\r\n	<br />\r\n	This is the <strong>3rd notice</strong> we have sent regarding invoice <strong>#{invoice.id_code}</strong>. It was due on <strong>{invoice.date_due_formatted}</strong> and is now past due. This is the last notice we will send regarding this particular invoice. If payment is not received soon, the account may be suspended.<br />\r\n	<br />\r\n	<a href="http://{payment_url}">Pay Now</a> (No login required)</p>\r\n', 1, 'active'),
(14, 14, 1, 'en_us', 'billing@domain.com', 'Billing Department', 'Password Reset', 'Hi {contact.first_name},\r\n\r\nSomeone at the IP address {ip_address} requested a password reset for your account. If this was you, please visit the following URL to reset your password...\r\n\r\nhttp://{password_reset_url}\r\n\r\nIf you did not make this request, you can safely ignore this email.\r\n', '<p>\r\n	Hi {contact.first_name},<br />\r\n	<br />\r\n	Someone at the IP address {ip_address} requested a password reset for your account. If this was you, please visit the following URL to reset your password...<br />\r\n	<br />\r\n	<a href="http://{password_reset_url}">http://{password_reset_url}</a><br />\r\n	<br />\r\n	If you did not make this request, you can safely ignore this email.</p>\r\n', 1, 'active'),
(15, 15, 1, 'en_us', 'billing@domain.com', 'Billing Department', 'Service Suspended', 'Hi {contact.first_name},\r\n\r\n{% if supended.reason="nonpayment" %}Your service, {service_info.package_name} has been suspended due to non-payment. To re-activate your service, please login and make payment at http://{client_url} as soon as possible. Failure to make payment soon could result in the service being permanently terminated.{% else %}Your service, {service_info.package_name} has been suspended.{% endif %}\r\n\r\nWe are available should you have any questions.', '<p>\r\n	Hi {contact.first_name},</p>\r\n<p>\r\n	{% if supended.reason="nonpayment" %}Your service, {service_info.package_name} has been suspended due to non-payment. To re-activate your service, please login and make payment at <a href="http://{client_url}">http://{client_url}</a> as soon as possible. Failure to make payment soon could result in the service being permanently terminated.{% else %}Your service, {service_info.package_name} has been suspended.{% endif %}</p>\r\n<p>\r\n	We are available should you have any questions.</p>\r\n', 1, 'active'),
(16, 16, 1, 'en_us', 'sales@domain.com', 'Billing Department', 'Welcome to {company.name}', 'Hi {contact.first_name}!\r\n\r\nThank you for registering with us. Your new account has been set up and you may login to our client area with the details below. Please login and change your password at your earliest convenience.\r\n\r\nLogin at.. {client_url} with..\r\n\r\nUsername: {username}\r\nPassword: {password}\r\n\r\nIf you placed an order for services, you''ll receive a separate email once they are activated.\r\n\r\nThank you for choosing {company.name}!', '<p>\r\n	Hi {contact.first_name}!<br />\r\n	<br />\r\n	Thank you for registering with us. Your new account has been set up and you may login to our client area with the details below. Please login and change your password at your earliest convenience.<br />\r\n	<br />\r\n	Login at.. <a href="{client_url}">{client_url}</a> with..<br />\r\n	<br />\r\n	Username: {username}<br />\r\n	Password: {password}<br />\r\n	<br />\r\n	If you placed an order for services, you&#39;ll receive a separate email once they are activated.<br />\r\n	<br />\r\n	Thank you for choosing {company.name}!</p>\r\n', 2, 'active'),
(17, 17, 1, 'en_us', 'billing@domain.com', 'Billing', 'Monthly A/R Report', 'Hi {staff.first_name},\r\n\r\nAn A/R Report has been generated for {company_name} and is attached to this email as a PDF.', '<p>\r\n	Hi {staff.first_name},<br />\r\n	<br />\r\n	An A/R Report has been generated for {company_name} and is attached to this email as a PDF.</p>\r\n', 1, 'active'),
(18, 18, 1, 'en_us', 'billing@domain.com', 'Billing', 'Daily Invoice Creation Report', 'Hi {staff.first_name},\r\n\r\nThe following invoices were created for {company_name} between {report.start_date} and {report.end_date}.\r\n\r\n{% for invoice in invoices %}{invoices.invoice_number}, {contact.first_name} {contact.last_name}, {invoices.total_due}, {invoices.delivery_method}, {invoices.delivery_status}{% endfor %}', '<p>\r\n	Hi {staff.first_name},<br />\r\n	<br />\r\n	The following invoices were created for {company_name} between {report.start_date} and {report.end_date}.<br />\r\n	<br />\r\n	{% for invoice in invoices %}{invoices.invoice_number}, {contact.first_name} {contact.last_name}, {invoices.total_due}, {invoices.delivery_method}, {invoices.delivery_status}{% endfor %}</p>\r\n', 1, 'active'),
(19, 19, 1, 'en_us', 'admin@domain.com', 'Admin', 'Suspension Error', 'Hi {staff.first_name},\r\n\r\nThere was an error with the {module.name} module, or it does not support automatic suspension.\r\n\r\n{service_info}\r\n\r\nThe service has been suspended in Blesta, but may need to be suspended manually.', '<p>\r\n	Hi {staff.first_name},<br />\r\n	<br />\r\n	There was an error with the {module.name} module, or it does not support automatic suspension.<br />\r\n	<br />\r\n	{service_info}<br />\r\n	<br />\r\n	The service has been suspended in Blesta, but may need to be suspended manually.</p>\r\n', 3, 'active'),
(20, 20, 1, 'en_us', 'admin@domain.com', 'Admin', 'Unsuspension Error', 'Hi {staff.first_name},\r\n\r\nThere was an error with the {module.name} module, or it does not support automatic unsuspension.\r\n\r\n{service_info}\r\n\r\nThe service has been unsuspended in Blesta, but may need to be unsuspended manually.', '<p>\r\n	Hi {staff.first_name},<br />\r\n	<br />\r\n	There was an error with the {module.name} module, or it does not support automatic unsuspension.<br />\r\n	<br />\r\n	{service_info}<br />\r\n	<br />\r\n	The service has been unsuspended in Blesta, but may need to be unsuspended manually.</p>\r\n', 3, 'active'),
(21, 21, 1, 'en_us', 'admin@domain.com', 'Admin', 'Cancellation Error', 'Hi {staff.first_name},\r\n\r\nThere was an error with the {module.name} module, or it does not support automatic cancelation.\r\n\r\n{service_info}\r\n\r\nThe service has been canceled in Blesta, but may need to be canceled manually.', '<p>\r\n	Hi {staff.first_name},<br />\r\n	<br />\r\n	There was an error with the {module.name} module, or it does not support automatic cancelation.<br />\r\n	<br />\r\n	{service_info}<br />\r\n	<br />\r\n	The service has been canceled in Blesta, but may need to be canceled manually.</p>\r\n', 3, 'active'),
(22, 22, 1, 'en_us', 'billing@domain.com', 'Billing Department', 'Scheduled Payment Reminder', 'Hi {contact.first_name},\r\n\r\nThis is a reminder that a payment is scheduled to be charged to your account on {autodebit_date} in the amount of {amount_formatted} for invoice #{invoice.id_code}.\r\n\r\n{% if payment_account.account_type == "ach" %}Your {payment_account.type} Account ending in {payment_account.last4} will be processed on this date. If we should use a different payment method, or if you need to make a change to this account, please login to our client area at {client_url} to make the correction at your earliest convenience.{% else %}Your {payment_account.type} ending in {payment_account.last4} will be processed on this date. If we should use a different payment method, or if you need to make a change to this account, please login to our client area at http://{client_url} to make the correction at your earliest convenience.{% endif %}\r\n\r\nIf you''d like to disable automatic payments, you may do so by logging into your account at http://{client_url}.\r\n\r\nThank you for your continued business!', '<p>\r\n	Hi {contact.first_name},</p>\r\n<p>\r\n	This is a reminder that a payment is scheduled to be charged to your account on {autodebit_date} in the amount of {amount_formatted} for invoice #{invoice.id_code}.</p>\r\n<p>\r\n	{% if payment_account.account_type == "ach" %}Your {payment_account.type} Account ending in {payment_account.last4} will be processed on this date. If we should use a different payment method, or if you need to make a change to this account, please login to our client area at {client_url} to make the correction at your earliest convenience.{% else %}Your {payment_account.type} ending in {payment_account.last4} will be processed on this date. If we should use a different payment method, or if you need to make a change to this account, please login to our client area at <a href="http://{client_url}">http://{client_url}</a> to make the correction at your earliest convenience.{% endif %}<br />\r\n	<br />\r\n	If you''d like to disable automatic payments, you may do so by logging into your account at <a href="http://{client_url}">http://{client_url}</a>.<br />\r\n	<br />\r\n	Thank you for your continued business!</p>\r\n', 1, 'active'),
(23, 23, 1, 'en_us', 'admin@domain.com', 'Admin', 'Password Reset', 'Hi {staff.first_name},\r\n\r\nSomeone at the IP address {ip_address} requested a password reset for your account. If this was you, please visit the following URL to reset your password..\r\n\r\nhttp://{password_reset_url}\r\n\r\nIf you did not submit this request, please contact your system administrator. No action is required to keep your password the same.', '<p>\r\n	Hi {staff.first_name},<br />\r\n	<br />\r\n	Someone at the IP address <strong>{ip_address}</strong> requested a password reset for your account. If this was you, please visit the following URL to reset your password..<br />\r\n	<br />\r\n	<a href="http://{password_reset_url}">http://{password_reset_url}</a><br />\r\n	<br />\r\n	If you did not submit this request, please contact your system administrator. No action is required to keep your password the same.</p>\r\n', 3, 'active'),
(24, 24, 1, 'en_us', 'sales@domain.com', 'Sales', 'New Service Activated', 'Hi {contact.first_name},\r\n\r\nYour service has been approved and activated. Please keep this email for your records.\r\n\r\n{package.email}', '<p>\r\n	Hi {contact.first_name},<br />\r\n	<br />\r\n	Your service has been approved and activated. Please keep this email for your records.<br />\r\n	<br />\r\n	{package.email}</p>\r\n', 2, 'active');

-- 
-- Dumping data for table `email_groups`
-- 

INSERT INTO `email_groups` (`id`, `action`, `type`, `plugin_dir`, `tags`) VALUES 
(1, 'payment_cc_approved', 'client', NULL, '{contact.first_name},{contact.last_name},{company.name},{response.transaction_id},{amount},{card_type},{last_four}'),
(2, 'payment_cc_declined', 'client', NULL, '{contact.first_name},{contact.last_name},{company.name},{response.message},{amount},{card_type},{last_four}'),
(3, 'payment_cc_error', 'client', NULL, '{contact.first_name},{contact.last_name},{company.name},{response.message},{amount},{card_type},{last_four}'),
(4, 'payment_ach_approved', 'client', NULL, '{contact.first_name},{contact.last_name},{company.name},{response.transaction_id},{amount},{account_type},{last_four}'),
(5, 'payment_ach_declined', 'client', NULL, '{contact.first_name},{contact.last_name},{company.name},{response.message},{amount},{account_type},{last_four}'),
(6, 'payment_ach_error', 'client', NULL, '{contact.first_name},{contact.last_name},{company.name},{response.message},{amount},{account_type},{last_four}'),
(7, 'payment_manual_approved', 'client', NULL, '{contact.first_name},{contact.last_name},{payment_type},{transaction_id},{amount},{date_added}'),
(8, 'credit_card_expiration', 'client', NULL, '{contact.first_name},{contact.last_name},{last_four},{client_url},{card_type}'),
(9, 'invoice_delivery_unpaid', 'client', NULL, '{contact.first_name},{contact.last_name},{invoices},{autodebit},{client_url}'),
(10, 'invoice_delivery_paid', 'client', NULL, '{contact.first_name},{contact.last_name},{invoices},{autodebit},{client_url}'),
(11, 'invoice_notice_first', 'client', NULL, '{contact.first_name},{contact.last_name},{invoice.id_code},{invoice.date_due_formatted},\r\n{payment_account.first_name},{payment_account.last_name},{payment_account.account_type},{payment_url},{autodebit},{autodebit_date},{autodebit_date_formatted},{client_url}'),
(12, 'invoice_notice_second', 'client', NULL, '{contact.first_name},{contact.last_name},{invoice.id_code},{invoice.date_due_formatted},{payment_account.first_name},{payment_account.last_name},{payment_account.account_type},{payment_url},{autodebit},{autodebit_date},{autodebit_date_formatted},{client_url}'),
(13, 'invoice_notice_third', 'client', NULL, '{contact.first_name},{contact.last_name},{invoice.id_code},{invoice.date_due_formatted},{payment_account.first_name},{payment_account.last_name},{payment_account.account_type},{payment_url},{autodebit},{autodebit_date},{autodebit_date_formatted},{client_url}'),
(14, 'reset_password', 'client', NULL, '{contact.first_name},{contact.last_name},{password_reset_url},{ip_address}'),
(15, 'service_suspension', 'client', NULL, NULL),
(16, 'account_welcome', 'client', NULL, '{contact.first_name},{contact.last_name},{company.name},{client_url},{username},{password}'),
(17, 'report_ar', 'staff', NULL, '{staff.first_name},{staff.last_name},{company_name}'),
(18, 'report_invoice_creation', 'staff', NULL, '{staff.first_name},{staff.last_name},{company},{report.start_date},{report.end_date},{invoices}'),
(19, 'service_suspension_error', 'staff', NULL, '{staff.first_name},{staff.last_name},{module.name},{service_info}'),
(20, 'service_unsuspension_error', 'staff', NULL, '{staff.first_name},{staff.last_name},{module.name},{service_info}'),
(21, 'service_cancel_error', 'staff', NULL, '{staff.first_name},{staff.last_name},{module.name},{service_info}'),
(22, 'auto_debit_pending', 'client', NULL, '{contact.first_name},{contact.last_name},{invoice.id_code},{invoice.date_due_formatted},{payment_account.first_name},{payment_account.last_name},{payment_account.account_type},{payment_account.last4},{amount},{amount_formatted},{payment_url},{autodebit_date} {client_url}'),
(23, 'staff_reset_password', 'staff', NULL, '{staff.first_name},{staff.last_name},{password_reset_url},{ip_address}'),
(24, 'service_creation', 'client', NULL, '{contact.first_name},{contact.last_name},{package.email_html},{package.email_text}');

-- 
-- Dumping data for table `email_signatures`
-- 

INSERT INTO `email_signatures` (`id`, `company_id`, `name`, `text`, `html`) VALUES 
(1, 1, 'Billing', '', ''),
(2, 1, 'Sales', '', ''),
(3, 1, 'Admin', '', '');


-- 
-- Dumping data for table `languages`
-- 

INSERT INTO `languages` (`code`, `company_id`, `name`) VALUES 
('en_us', 1, 'English, US');

-- 
-- Dumping data for table `permissions`
-- 

INSERT INTO `permissions` (`id`, `group_id`, `name`, `alias`, `action`, `plugin_id`) VALUES 
(1, 1, 'StaffGroups.permissions.admin_main_calendar', 'admin_main', 'calendar', NULL),
(2, 2, 'StaffGroups.permissions.admin_clients_view', 'admin_clients', 'view', NULL),
(3, 2, 'StaffGroups.permissions.admin_clients_add', 'admin_clients', 'add', NULL),
(4, 2, 'StaffGroups.permissions.admin_clients_edit', 'admin_clients', 'edit', NULL),
(5, 2, 'StaffGroups.permissions.admin_clients_invoices', 'admin_clients', 'invoices', NULL),
(6, 2, 'StaffGroups.permissions.admin_clients_viewinvoice', 'admin_clients', 'viewinvoice', NULL),
(7, 2, 'StaffGroups.permissions.admin_clients_createinvoice', 'admin_clients', 'createinvoice', NULL),
(8, 2, 'StaffGroups.permissions.admin_clients_editinvoice', 'admin_clients', 'editinvoice', NULL),
(9, 2, 'StaffGroups.permissions.admin_clients_editrecurinvoice', 'admin_clients', 'editrecurinvoice', NULL),
(10, 2, 'StaffGroups.permissions.admin_clients_deleteinvoice', 'admin_clients', 'deleteinvoice', NULL),
(11, 2, 'StaffGroups.permissions.admin_clients_payinvoice', 'admin_clients', 'payinvoice', NULL),
(12, 2, 'StaffGroups.permissions.admin_clients_transactions', 'admin_clients', 'transactions', NULL),
(13, 2, 'StaffGroups.permissions.admin_clients_edittransaction', 'admin_clients', 'edittransaction', NULL),
(14, 2, 'StaffGroups.permissions.admin_clients_services', 'admin_clients', 'services', NULL),
(15, 2, 'StaffGroups.permissions.admin_clients_addservice', 'admin_clients', 'addservice', NULL),
(16, 2, 'StaffGroups.permissions.admin_clients_editservice', 'admin_clients', 'editservice', NULL),
(17, 2, 'StaffGroups.permissions.admin_clients_deleteservice', 'admin_clients', 'deleteservice', NULL),
(18, 2, 'StaffGroups.permissions.admin_clients_addcontact', 'admin_clients', 'addcontact', NULL),
(19, 2, 'StaffGroups.permissions.admin_clients_editcontact', 'admin_clients', 'editcontact', NULL),
(20, 2, 'StaffGroups.permissions.admin_clients_deletecontact', 'admin_clients', 'deletecontact', NULL),
(21, 2, 'StaffGroups.permissions.admin_clients_quickupdate', 'admin_clients', 'quickupdate', NULL),
(22, 2, 'StaffGroups.permissions.admin_clients_pay', 'admin_clients', 'pay', NULL),
(23, 2, 'StaffGroups.permissions.admin_clients_accounts', 'admin_clients', 'accounts', NULL),
(24, 2, 'StaffGroups.permissions.admin_clients_addccaccount', 'admin_clients', 'addccaccount', NULL),
(25, 2, 'StaffGroups.permissions.admin_clients_addachaccount', 'admin_clients', 'addachaccount', NULL),
(26, 2, 'StaffGroups.permissions.admin_clients_editccaccount', 'admin_clients', 'editccaccount', NULL),
(27, 2, 'StaffGroups.permissions.admin_clients_editachaccount', 'admin_clients', 'editachaccount', NULL),
(28, 2, 'StaffGroups.permissions.admin_clients_deleteccaccount', 'admin_clients', 'deleteccaccount', NULL),
(29, 2, 'StaffGroups.permissions.admin_clients_deleteachaccount', 'admin_clients', 'deleteachaccount', NULL),
(30, 2, 'StaffGroups.permissions.admin_clients_notes', 'admin_clients', 'notes', NULL),
(31, 2, 'StaffGroups.permissions.admin_clients_addnote', 'admin_clients', 'addnote', NULL),
(32, 2, 'StaffGroups.permissions.admin_clients_editnote', 'admin_clients', 'editnote', NULL),
(33, 2, 'StaffGroups.permissions.admin_clients_deletenote', 'admin_clients', 'deletenote', NULL),
(34, 2, 'StaffGroups.permissions.admin_clients_packages', 'admin_clients', 'packages', NULL),
(35, 2, 'StaffGroups.permissions.admin_clients_email', 'admin_clients', 'email', NULL),
(36, 2, 'StaffGroups.permissions.admin_clients_emails', 'admin_clients', 'emails', NULL),
(37, 2, 'StaffGroups.permissions.admin_clients_merge', 'admin_clients', 'merge', NULL),
(38, 2, 'StaffGroups.permissions.admin_clients_delete', 'admin_clients', 'delete', NULL),
(39, 2, 'StaffGroups.permissions.admin_clients_loginasclient', 'admin_clients', 'loginasclient', NULL),
(40, 3, 'StaffGroups.permissions.admin_billing_invoices', 'admin_billing', 'invoices', NULL),
(41, 3, 'StaffGroups.permissions.admin_billing_transactions', 'admin_billing', 'transactions', NULL),
(42, 3, 'StaffGroups.permissions.admin_billing_services', 'admin_billing', 'services', NULL),
(43, 3, 'StaffGroups.permissions.admin_billing_reports', 'admin_billing', 'reports', NULL),
(44, 3, 'StaffGroups.permissions.admin_billing_printqueue', 'admin_billing', 'printqueue', NULL),
(45, 3, 'StaffGroups.permissions.admin_billing_batch', 'admin_billing', 'batch', NULL),
(46, 4, 'StaffGroups.permissions.admin_packages_groups', 'admin_packages', 'groups', NULL),
(47, 4, 'StaffGroups.permissions.admin_packages_add', 'admin_packages', 'add', NULL),
(48, 4, 'StaffGroups.permissions.admin_packages_edit', 'admin_packages', 'edit', NULL),
(49, 5, 'StaffGroups.permissions.admin_tools_logs', 'admin_tools', 'logs', NULL),
(50, 5, 'StaffGroups.permissions.admin_tools_convert_currency', 'admin_tools', 'convertcurrency', NULL),
(51, 7, 'StaffGroups.permissions.admin_settings_company', 'admin_settings', 'company', NULL),
(52, 7, 'StaffGroups.permissions.admin_company_general_localization', 'admin_company_general', 'localization', NULL),
(53, 7, 'StaffGroups.permissions.admin_company_general_international', 'admin_company_general', 'international', NULL),
(54, 7, 'StaffGroups.permissions.admin_company_general_themes', 'admin_company_general', 'themes', NULL),
(55, 7, 'StaffGroups.permissions.admin_company_general_encryption', 'admin_company_general', 'encryption', NULL),
(56, 7, 'StaffGroups.permissions.admin_company_billing_invoices', 'admin_company_billing', 'invoices', NULL),
(57, 7, 'StaffGroups.permissions.admin_company_billing_customization', 'admin_company_billing', 'customization', NULL),
(58, 7, 'StaffGroups.permissions.admin_company_billing_deliverymethods', 'admin_company_billing', 'deliverymethods', NULL),
(59, 7, 'StaffGroups.permissions.admin_company_billing_notices', 'admin_company_billing', 'notices', NULL),
(60, 7, 'StaffGroups.permissions.admin_company_billing_coupons', 'admin_company_billing', 'coupons', NULL),
(61, 7, 'StaffGroups.permissions.admin_company_modules', 'admin_company_modules', '*', NULL),
(62, 7, 'StaffGroups.permissions.admin_company_modules_manage', 'admin_company_modules', 'manage', NULL),
(63, 7, 'StaffGroups.permissions.admin_company_modules_install', 'admin_company_modules', 'install', NULL),
(64, 7, 'StaffGroups.permissions.admin_company_modules_uninstall', 'admin_company_modules', 'uninstall', NULL),
(65, 7, 'StaffGroups.permissions.admin_company_modules_upgrade', 'admin_company_modules', 'upgrade', NULL),
(66, 7, 'StaffGroups.permissions.admin_company_gateways', 'admin_company_gateways', '*', NULL),
(67, 7, 'StaffGroups.permissions.admin_company_gateways_manage', 'admin_company_gateways', 'manage', NULL),
(68, 7, 'StaffGroups.permissions.admin_company_gateways_install', 'admin_company_gateways', 'install', NULL),
(69, 7, 'StaffGroups.permissions.admin_company_gateways_uninstall', 'admin_company_gateways', 'uninstall', NULL),
(70, 7, 'StaffGroups.permissions.admin_company_gateways_upgrade', 'admin_company_gateways', 'upgrade', NULL),
(71, 7, 'StaffGroups.permissions.admin_company_taxes_basic', 'admin_company_taxes', 'basic', NULL),
(72, 7, 'StaffGroups.permissions.admin_company_taxes_rules', 'admin_company_taxes', 'rules', NULL),
(73, 7, 'StaffGroups.permissions.admin_company_emails_mail', 'admin_company_emails', 'mail', NULL),
(74, 7, 'StaffGroups.permissions.admin_company_emails_templates', 'admin_company_emails', 'templates', NULL),
(75, 7, 'StaffGroups.permissions.admin_company_emails_signatures', 'admin_company_emails', 'signatures', NULL),
(76, 7, 'StaffGroups.permissions.admin_company_customfields', 'admin_company_customfields', '*', NULL),
(77, 7, 'StaffGroups.permissions.admin_company_currencies_setup', 'admin_company_currencies', 'setup', NULL),
(78, 7, 'StaffGroups.permissions.admin_company_currencies_active', 'admin_company_currencies', 'active', NULL),
(79, 7, 'StaffGroups.permissions.admin_company_plugins', 'admin_company_plugins', '*', NULL),
(80, 7, 'StaffGroups.permissions.admin_company_groups', 'admin_company_groups', '*', NULL),
(81, 7, 'StaffGroups.permissions.admin_company_plugins_manage', 'admin_company_plugins', 'manage', NULL),
(82, 7, 'StaffGroups.permissions.admin_company_plugins_install', 'admin_company_plugins', 'install', NULL),
(83, 7, 'StaffGroups.permissions.admin_company_plugins_uninstall', 'admin_company_plugins', 'uninstall', NULL),
(84, 7, 'StaffGroups.permissions.admin_company_plugins_upgrade', 'admin_company_plugins', 'upgrade', NULL),
(85, 7, 'StaffGroups.permissions.admin_settings_system', 'admin_settings', 'system', NULL),
(86, 7, 'StaffGroups.permissions.admin_system_general_basic', 'admin_system_general', 'basic', NULL),
(87, 7, 'StaffGroups.permissions.admin_system_general_geoip', 'admin_system_general', 'geoip', NULL),
(88, 7, 'StaffGroups.permissions.admin_system_general_maintenance', 'admin_system_general', 'maintenance', NULL),
(89, 7, 'StaffGroups.permissions.admin_system_general_license', 'admin_system_general', 'license', NULL),
(90, 7, 'StaffGroups.permissions.admin_system_automation', 'admin_system_automation', '*', NULL),
(91, 7, 'StaffGroups.permissions.admin_system_companies', 'admin_system_companies', '*', NULL),
(92, 7, 'StaffGroups.permissions.admin_system_backup_ftp', 'admin_system_backup', 'ftp', NULL),
(93, 7, 'StaffGroups.permissions.admin_system_backup_amazon', 'admin_system_backup', 'amazon', NULL),
(94, 7, 'StaffGroups.permissions.admin_system_backup_download', 'admin_system_backup', 'download', NULL),
(95, 7, 'StaffGroups.permissions.admin_system_backup_upload', 'admin_system_backup', 'upload', NULL),
(96, 7, 'StaffGroups.permissions.admin_system_staff_manage', 'admin_system_staff', 'manage', NULL),
(97, 7, 'StaffGroups.permissions.admin_system_staff_groups', 'admin_system_staff', 'groups', NULL),
(98, 7, 'StaffGroups.permissions.admin_system_api', 'admin_system_api', '*', NULL),
(99, 7, 'StaffGroups.permissions.admin_system_upgrade', 'admin_system_upgrade', '*', NULL),
(100, 7, 'StaffGroups.permissions.admin_system_help', 'admin_system_help', '*', NULL),
(101, 7, 'StaffGroups.permissions.admin_system_marketplace', 'admin_system_marketplace', '*', NULL);

-- 
-- Dumping data for table `permission_groups`
-- 

INSERT INTO `permission_groups` (`id`, `name`, `level`, `alias`, `plugin_id`) VALUES 
(1, 'StaffGroups.permission_group.home', 'staff', 'admin_main', NULL),
(2, 'StaffGroups.permission_group.clients', 'staff', 'admin_clients', NULL),
(3, 'StaffGroups.permission_group.billing', 'staff', 'admin_billing', NULL),
(4, 'StaffGroups.permission_group.packages', 'staff', 'admin_packages', NULL),
(5, 'StaffGroups.permission_group.tools', 'staff', 'admin_tools', NULL),
(6, 'StaffGroups.permission_group.search', 'staff', 'admin_search', NULL),
(7, 'StaffGroups.permission_group.settings', 'staff', 'admin_settings', NULL);

-- 
-- Dumping data for table `settings`
-- 

INSERT INTO `settings` (`key`, `value`, `encrypted`, `comment`) VALUES 
('amazons3_access_key', '', 1, ''),
('amazons3_bucket', '', 0, ''),
('amazons3_rate', '24', 0, ''),
('amazons3_secret_key', '', 1, ''),
('autodebit', 'true', 0, ''),
('autodebit_backoff', 'false', 0, ''),
('autodebit_days_before_due', '1', 0, ''),
('autosuspend', 'true', 0, ''),
('calendar_begins', 'sunday', 0, ''),
('cancelation_fee_tax', 'false', 0, ''),
('cascade_tax', 'false', 0, ''),
('client_set_currency', 'false', 0, ''),
('client_set_invoice', 'true', 0, ''),
('client_set_lang', 'true', 0, ''),
('clients_cancel_services', 'false', 0, ''),
('clients_format', '{num}', 0, ''),
('clients_increment', '1', 0, ''),
('clients_pad_size', '0', 0, ''),
('clients_pad_str', '0', 0, ''),
('clients_start', '1500', 0, ''),
('country', 'US', 0, ''),
('cron_key', '', 1, ''),
('date_format', 'M d, Y', 0, ''),
('datetime_format', 'M d, Y g:i:s A', 0, ''),
('default_currency', 'USD', 0, ''),
('enable_tax', 'false', 0, ''),
('exchange_rates_auto_update', 'false', 0, ''),
('exchange_rates_padding', '3', 0, ''),
('exchange_rates_processor', 'google_finance', 0, ''),
('ftp_host', '', 0, ''),
('ftp_password', '', 1, ''),
('ftp_path', '', 0, ''),
('ftp_port', '22', 0, ''),
('ftp_rate', '24', 0, ''),
('ftp_username', '', 1, ''),
('geoip_enabled', 'false', 0, ''),
('html_email', 'true', 0, ''),
('interfax_password', '', 1, ''),
('interfax_username', '', 1, ''),
('inv_days_before_renewal', '5', 0, ''),
('inv_draft_format', 'DRAFT-{num}', 0, ''),
('inv_format', '{num}', 0, 'The format of the invoice number'),
('inv_increment', '1', 0, 'The increment step for each incrementation of NUMBER in the given format. (1 = 1, 2, 3; 2 = 2, 4, 6; 3 = 3, 6, 9; etc.) '),
('inv_method', 'email', 0, ''),
('inv_pad_size', '0', 0, 'The size of padding to perform on the auto-incrementing NUMBER portion of the invoice number'),
('inv_pad_str', '0', 0, 'The string to pad the auto-incrementing NUMBER with'),
('inv_start', '1', 0, 'The start value for incrementing the auto-incrementing NUMBER in the given format'),
('inv_suspended_services', 'true', 0, ''),
('language', 'en_us', 0, ''),
('license_key', '', 0, ''),
('log_days', '30', 0, ''),
('mail_delivery', 'php', 0, ''),
('maintenance_mode', 'false', 0, ''),
('maintenance_reason', '', 0, ''),
('multi_currency_pricing', 'package', 0, ''),
('services_format', '{num}', 0, 'The format of the services number'),
('services_increment', '1', 0, 'The increment step for each incrementation of NUMBER in the given format. (1 = 1, 2, 3; 2 = 2, 4, 6; 3 = 3, 6, 9; etc.) '),
('services_pad_size', '0', 0, ''),
('services_pad_str', '0', 0, ''),
('services_start', '1', 0, ''),
('setup_fee_tax', 'false', 0, ''),
('show_currency_code', 'false', 0, ''),
('smtp_host', '', 0, ''),
('smtp_password', '', 1, ''),
('smtp_port', '465', 0, ''),
('smtp_security', 'ssl', 0, ''),
('smtp_user', '', 1, ''),
('tax_exempt', 'false', 0, ''),
('tax_id', '', 0, ''),
('temp_dir', '/tmp/', 0, ''),
('timezone', 'America/Los_Angeles', 0, ''),
('uploads_dir', '', 0, '');

-- 
-- Dumping data for table `staff_groups`
-- 

INSERT INTO `staff_groups` (`id`, `company_id`, `name`) VALUES 
(1, 1, 'Administrators'),
(2, 1, 'Billing');

-- 
-- Dumping data for table `states`
-- 

INSERT INTO `states` (`country_alpha2`, `code`, `name`) VALUES 
('AU', 'NSW', 'New South Wales'),
('AU', 'QLD', 'Queensland'),
('AU', 'SA', 'South Australia'),
('AU', 'TAS', 'Tasmania'),
('AU', 'VIC', 'Victoria'),
('AU', 'WA', 'Western Australia'),
('CA', 'AB', 'Alberta'),
('CA', 'BC', 'British Columbia'),
('CA', 'MB', 'Manitoba'),
('CA', 'NB', 'New Brunswick'),
('CA', 'NF', 'Newfoundland'),
('CA', 'NS', 'Nova Scotia'),
('CA', 'NT', 'Northwest Territories'),
('CA', 'NU', 'Nunavut'),
('CA', 'ON', 'Ontario'),
('CA', 'PE', 'Prince Edward Island'),
('CA', 'QC', 'Quebec'),
('CA', 'SK', 'Saskatchewan'),
('CA', 'YT', 'Yukon Territory'),
('CH', 'AG', 'Aargau'),
('CH', 'AI', 'Appenzell Innerrhoden'),
('CH', 'AR', 'Appenzell Ausserrhoden'),
('CH', 'BE', 'Bern'),
('CH', 'BL', 'Basel-Landschaft'),
('CH', 'BS', 'Basel-Stadt'),
('CH', 'FR', 'Fribourg'),
('CH', 'GE', 'Genève'),
('CH', 'GL', 'Glarus'),
('CH', 'GR', 'Graubünden'),
('CH', 'JU', 'Jura'),
('CH', 'LU', 'Luzern'),
('CH', 'NE', 'Neuchâtel'),
('CH', 'NW', 'Nidwalden'),
('CH', 'OW', 'Obwalden'),
('CH', 'SG', 'Sankt Gallen'),
('CH', 'SH', 'Schaffhausen'),
('CH', 'SO', 'Solothurn'),
('CH', 'SZ', 'Schwyz'),
('CH', 'TG', 'Thurgau'),
('CH', 'TI', 'Ticino'),
('CH', 'UR', 'Uri'),
('CH', 'VD', 'Vaud'),
('CH', 'VS', 'Valais'),
('CH', 'ZG', 'Zug'),
('CH', 'ZH', 'Zürich'),
('GB', 'ENG', 'England'),
('GB', 'NIR', 'North Ireland'),
('GB', 'SCT', 'Scotland'),
('GB', 'WLS', 'Wales'),
('MX', 'AGU', 'Aguascalientes'),
('MX', 'BCN', 'Baja California'),
('MX', 'BCS', 'Baja California Sur'),
('MX', 'CAM', 'Campeche'),
('MX', 'CHH', 'Chihuahua'),
('MX', 'CHP', 'Chiapas'),
('MX', 'COA', 'Coahuila'),
('MX', 'COL', 'Colima'),
('MX', 'DIF', 'Federal District'),
('MX', 'DUR', 'Durango'),
('MX', 'GRO', 'Guerrero'),
('MX', 'GUA', 'Guanajuato'),
('MX', 'HID', 'Hidalgo'),
('MX', 'JAL', 'Jalisco'),
('MX', 'MEX', 'Mexico State'),
('MX', 'MIC', 'Michoacán'),
('MX', 'MOR', 'Morelos'),
('MX', 'NAY', 'Nayarit'),
('MX', 'NLE', 'Nuevo León'),
('MX', 'OAX', 'Oaxaca'),
('MX', 'PUE', 'Puebla'),
('MX', 'QUE', 'Querétaro'),
('MX', 'ROO', 'Quintana Roo'),
('MX', 'SIN', 'Sinaloa'),
('MX', 'SLP', 'San Luis Potosí'),
('MX', 'SON', 'Sonora'),
('MX', 'TAB', 'Tabasco'),
('MX', 'TAM', 'Tamaulipas'),
('MX', 'TLA', 'Tlaxcala'),
('MX', 'VER', 'Veracruz'),
('MX', 'YUC', 'Yucatán'),
('MX', 'ZAC', 'Zacatecas'),
('US', 'AK', 'Alaska'),
('US', 'AL', 'Alabama'),
('US', 'AR', 'Arkansas'),
('US', 'AS', 'American Samoa'),
('US', 'AZ', 'Arizona'),
('US', 'CA', 'California'),
('US', 'CO', 'Colorado'),
('US', 'CT', 'Connecticut'),
('US', 'DC', 'District of Columbia'),
('US', 'DE', 'Delaware'),
('US', 'FL', 'Florida'),
('US', 'GA', 'Georgia'),
('US', 'GU', 'Guam'),
('US', 'HI', 'Hawaii'),
('US', 'IA', 'Iowa'),
('US', 'ID', 'Idaho'),
('US', 'IL', 'Illinois'),
('US', 'IN', 'Indiana'),
('US', 'KS', 'Kansas'),
('US', 'KY', 'Kentucky'),
('US', 'LA', 'Louisiana'),
('US', 'MA', 'Massachusetts'),
('US', 'MD', 'Maryland'),
('US', 'ME', 'Maine'),
('US', 'MI', 'Michigan'),
('US', 'MN', 'Minnesota'),
('US', 'MO', 'Missouri'),
('US', 'MP', 'Norther Mariana Island'),
('US', 'MS', 'Mississippi'),
('US', 'MT', 'Montana'),
('US', 'NC', 'North Carolina'),
('US', 'ND', 'North Dakota'),
('US', 'NE', 'Nebraska'),
('US', 'NH', 'New Hampshire'),
('US', 'NJ', 'New Jersey'),
('US', 'NM', 'New Mexico'),
('US', 'NV', 'Nevada'),
('US', 'NY', 'New York'),
('US', 'OH', 'Ohio'),
('US', 'OK', 'Oklahoma'),
('US', 'OR', 'Oregon'),
('US', 'PA', 'Pennsylvania'),
('US', 'PR', 'Puerto Rico'),
('US', 'RI', 'Rhode Island'),
('US', 'SC', 'South Carolina'),
('US', 'SD', 'South Dakota'),
('US', 'TN', 'Tennessee'),
('US', 'TX', 'Texas'),
('US', 'UM', 'U.S. Minor Outlying Islands'),
('US', 'UT', 'Utah'),
('US', 'VA', 'Virginia'),
('US', 'VI', 'Virgin Islands'),
('US', 'VT', 'Vermont'),
('US', 'WA', 'Washington'),
('US', 'WI', 'Wisconsin'),
('US', 'WV', 'West Virginia'),
('US', 'WY', 'Wyoming'),
('ZA', 'EC', 'Eastern Cape'),
('ZA', 'FS', 'Free State'),
('ZA', 'GP', 'Gauteng'),
('ZA', 'LP', 'Limpopo'),
('ZA', 'MP', 'Mpumalanga'),
('ZA', 'NC', 'Northern Cape'),
('ZA', 'NW', 'North West'),
('ZA', 'WC', 'Western Cape'),
('ZA', 'ZN', 'KwaZulu-Natal');

-- 
-- Dumping data for table `themes`
-- 

INSERT INTO `themes` (`id`, `company_id`, `name`, `type`, `data`) VALUES 
(1, NULL, 'Blesta Blue', 'admin', 'YToyOntzOjY6ImNvbG9ycyI7YToxOTp7czoyNToidGhlbWVfaGVhZGVyX2JnX2NvbG9yX3RvcCI7czo2OiIwMDc0YjIiO3M6Mjg6InRoZW1lX2hlYWRlcl9iZ19jb2xvcl9ib3R0b20iO3M6NjoiNmRhZmQzIjtzOjIzOiJ0aGVtZV9oZWFkZXJfdGV4dF9jb2xvciI7czo2OiJlNGU0ZTQiO3M6Mzc6InRoZW1lX25hdmlnYXRpb25fYmFja2dyb3VuZF9jb2xvcl90b3AiO3M6NjoiNWE1ZDYzIjtzOjQwOiJ0aGVtZV9uYXZpZ2F0aW9uX2JhY2tncm91bmRfY29sb3JfYm90dG9tIjtzOjY6IjQyNDQ0YSI7czoyNzoidGhlbWVfbmF2aWdhdGlvbl90ZXh0X2NvbG9yIjtzOjY6ImFmYWZhZiI7czozMzoidGhlbWVfbmF2aWdhdGlvbl90ZXh0X2hvdmVyX2NvbG9yIjtzOjY6ImZmZmZmZiI7czozMjoidGhlbWVfc3VibmF2aWdhdGlvbl9iZ19jb2xvcl90b3AiO3M6NjoiMjIyMzI2IjtzOjM1OiJ0aGVtZV9zdWJuYXZpZ2F0aW9uX2JnX2NvbG9yX2JvdHRvbSI7czo2OiIzMzM0MzkiO3M6MzA6InRoZW1lX3N1Ym5hdmlnYXRpb25fdGV4dF9jb2xvciI7czo2OiJhZmFmYWYiO3M6Mzc6InRoZW1lX3N1Ym5hdmlnYXRpb25fdGV4dF9hY3RpdmVfY29sb3IiO3M6NjoiZDhkOGQ4IjtzOjMzOiJ0aGVtZV93aWRnZXRfaGVhZGluZ19iZ19jb2xvcl90b3AiO3M6NjoiNmRhZmQzIjtzOjM2OiJ0aGVtZV93aWRnZXRfaGVhZGluZ19iZ19jb2xvcl9ib3R0b20iO3M6NjoiMDA3NGIyIjtzOjM4OiJ0aGVtZV93aWRnZXRfaWNvbl9oZWFkaW5nX2JnX2NvbG9yX3RvcCI7czo2OiIxMzdlYjgiO3M6NDE6InRoZW1lX3dpZGdldF9pY29uX2hlYWRpbmdfYmdfY29sb3JfYm90dG9tIjtzOjY6IjU2YTRjYyI7czoyMDoidGhlbWVfYm94X3RleHRfY29sb3IiO3M6NjoiZmZmZmZmIjtzOjE3OiJ0aGVtZV90ZXh0X3NoYWRvdyI7czo2OiI3Nzk5OTkiO3M6MjQ6InRoZW1lX2FjdGlvbnNfdGV4dF9jb2xvciI7czo2OiIwMDc1YjIiO3M6MjQ6InRoZW1lX2hpZ2hsaWdodF9iZ19jb2xvciI7czo2OiJlY2Y3ZmYiO31zOjg6ImxvZ29fdXJsIjtzOjA6IiI7fQ=='),
(2, 1, 'Blesta Green', 'admin', 'YToyOntzOjY6ImNvbG9ycyI7YToxNjp7czoyNToidGhlbWVfaGVhZGVyX2JnX2NvbG9yX3RvcCI7czo2OiI2YWIzMWQiO3M6Mjg6InRoZW1lX2hlYWRlcl9iZ19jb2xvcl9ib3R0b20iO3M6NjoiYWJkNDdmIjtzOjIzOiJ0aGVtZV9oZWFkZXJfdGV4dF9jb2xvciI7czo2OiJlNGU0ZTQiO3M6Mzc6InRoZW1lX25hdmlnYXRpb25fYmFja2dyb3VuZF9jb2xvcl90b3AiO3M6NjoiNTg2MTU5IjtzOjQwOiJ0aGVtZV9uYXZpZ2F0aW9uX2JhY2tncm91bmRfY29sb3JfYm90dG9tIjtzOjY6IjQ1NGE0MiI7czoyNzoidGhlbWVfbmF2aWdhdGlvbl90ZXh0X2NvbG9yIjtzOjY6ImFmYWZhZiI7czozMjoidGhlbWVfc3VibmF2aWdhdGlvbl9iZ19jb2xvcl90b3AiO3M6NjoiMjIyMzI2IjtzOjM1OiJ0aGVtZV9zdWJuYXZpZ2F0aW9uX2JnX2NvbG9yX2JvdHRvbSI7czo2OiIzMzM0MzkiO3M6MzM6InRoZW1lX3dpZGdldF9oZWFkaW5nX2JnX2NvbG9yX3RvcCI7czo2OiJhMWNmNzAiO3M6MzY6InRoZW1lX3dpZGdldF9oZWFkaW5nX2JnX2NvbG9yX2JvdHRvbSI7czo2OiI3Y2JjMzciO3M6Mzg6InRoZW1lX3dpZGdldF9pY29uX2hlYWRpbmdfYmdfY29sb3JfdG9wIjtzOjY6Ijc2YjkyZSI7czo0MToidGhlbWVfd2lkZ2V0X2ljb25faGVhZGluZ19iZ19jb2xvcl9ib3R0b20iO3M6NjoiOWRjZDY5IjtzOjIwOiJ0aGVtZV9ib3hfdGV4dF9jb2xvciI7czo2OiJmZmZmZmYiO3M6MTc6InRoZW1lX3RleHRfc2hhZG93IjtzOjY6Ijc3OTk5OSI7czoyNDoidGhlbWVfYWN0aW9uc190ZXh0X2NvbG9yIjtzOjY6IjUwODAxZSI7czoyNDoidGhlbWVfaGlnaGxpZ2h0X2JnX2NvbG9yIjtzOjY6ImY0ZmZmMyI7fXM6ODoibG9nb191cmwiO3M6MDoiIjt9'),
(3, 1, 'Real Teal', 'admin', 'YToyOntzOjY6ImNvbG9ycyI7YToxNjp7czoyNToidGhlbWVfaGVhZGVyX2JnX2NvbG9yX3RvcCI7czo2OiIxNjkyYTUiO3M6Mjg6InRoZW1lX2hlYWRlcl9iZ19jb2xvcl9ib3R0b20iO3M6NjoiN2FjMmNiIjtzOjIzOiJ0aGVtZV9oZWFkZXJfdGV4dF9jb2xvciI7czo2OiJlNGU0ZTQiO3M6Mzc6InRoZW1lX25hdmlnYXRpb25fYmFja2dyb3VuZF9jb2xvcl90b3AiO3M6NjoiNWE1ZDYzIjtzOjQwOiJ0aGVtZV9uYXZpZ2F0aW9uX2JhY2tncm91bmRfY29sb3JfYm90dG9tIjtzOjY6IjQyNDQ0YSI7czoyNzoidGhlbWVfbmF2aWdhdGlvbl90ZXh0X2NvbG9yIjtzOjY6ImFmYWZhZiI7czozMjoidGhlbWVfc3VibmF2aWdhdGlvbl9iZ19jb2xvcl90b3AiO3M6NjoiMjIyMzI2IjtzOjM1OiJ0aGVtZV9zdWJuYXZpZ2F0aW9uX2JnX2NvbG9yX2JvdHRvbSI7czo2OiIzMzM0MzkiO3M6MzM6InRoZW1lX3dpZGdldF9oZWFkaW5nX2JnX2NvbG9yX3RvcCI7czo2OiI2Y2JiYzYiO3M6MzY6InRoZW1lX3dpZGdldF9oZWFkaW5nX2JnX2NvbG9yX2JvdHRvbSI7czo2OiIzMDllYWYiO3M6Mzg6InRoZW1lX3dpZGdldF9pY29uX2hlYWRpbmdfYmdfY29sb3JfdG9wIjtzOjY6IjI3OWFhYyI7czo0MToidGhlbWVfd2lkZ2V0X2ljb25faGVhZGluZ19iZ19jb2xvcl9ib3R0b20iO3M6NjoiNjViNmMzIjtzOjIwOiJ0aGVtZV9ib3hfdGV4dF9jb2xvciI7czo2OiJmZmZmZmYiO3M6MTc6InRoZW1lX3RleHRfc2hhZG93IjtzOjY6Ijc3OTk5OSI7czoyNDoidGhlbWVfYWN0aW9uc190ZXh0X2NvbG9yIjtzOjY6IjA5NTg2NiI7czoyNDoidGhlbWVfaGlnaGxpZ2h0X2JnX2NvbG9yIjtzOjY6ImViZmNmZiI7fXM6ODoibG9nb191cmwiO3M6MDoiIjt9'),
(6, 1, 'Soft Blue', 'admin', 'YToyOntzOjY6ImNvbG9ycyI7YToxNjp7czoyNToidGhlbWVfaGVhZGVyX2JnX2NvbG9yX3RvcCI7czo2OiI3OGE5YzkiO3M6Mjg6InRoZW1lX2hlYWRlcl9iZ19jb2xvcl9ib3R0b20iO3M6NjoiYjNjZWUxIjtzOjIzOiJ0aGVtZV9oZWFkZXJfdGV4dF9jb2xvciI7czo2OiJlNGU0ZTQiO3M6Mzc6InRoZW1lX25hdmlnYXRpb25fYmFja2dyb3VuZF9jb2xvcl90b3AiO3M6NjoiNWE1ZDYzIjtzOjQwOiJ0aGVtZV9uYXZpZ2F0aW9uX2JhY2tncm91bmRfY29sb3JfYm90dG9tIjtzOjY6IjQyNDQ0YSI7czoyNzoidGhlbWVfbmF2aWdhdGlvbl90ZXh0X2NvbG9yIjtzOjY6ImFmYWZhZiI7czozMjoidGhlbWVfc3VibmF2aWdhdGlvbl9iZ19jb2xvcl90b3AiO3M6NjoiMjIyMzI2IjtzOjM1OiJ0aGVtZV9zdWJuYXZpZ2F0aW9uX2JnX2NvbG9yX2JvdHRvbSI7czo2OiIzMzM0MzkiO3M6MzM6InRoZW1lX3dpZGdldF9oZWFkaW5nX2JnX2NvbG9yX3RvcCI7czo2OiJhYWM4ZGQiO3M6MzY6InRoZW1lX3dpZGdldF9oZWFkaW5nX2JnX2NvbG9yX2JvdHRvbSI7czo2OiI4NmIxY2YiO3M6Mzg6InRoZW1lX3dpZGdldF9pY29uX2hlYWRpbmdfYmdfY29sb3JfdG9wIjtzOjY6IjgyYWVjZCI7czo0MToidGhlbWVfd2lkZ2V0X2ljb25faGVhZGluZ19iZ19jb2xvcl9ib3R0b20iO3M6NjoiYTZjNWRiIjtzOjIwOiJ0aGVtZV9ib3hfdGV4dF9jb2xvciI7czo2OiJmZmZmZmYiO3M6MTc6InRoZW1lX3RleHRfc2hhZG93IjtzOjY6Ijc3OTk5OSI7czoyNDoidGhlbWVfYWN0aW9uc190ZXh0X2NvbG9yIjtzOjY6Ijc4YThjOSI7czoyNDoidGhlbWVfaGlnaGxpZ2h0X2JnX2NvbG9yIjtzOjY6ImVjZjdmZiI7fXM6ODoibG9nb191cmwiO3M6MDoiIjt9'),
(7, 1, 'Busy Bee', 'admin', 'YToyOntzOjY6ImNvbG9ycyI7YToxOTp7czoyNToidGhlbWVfaGVhZGVyX2JnX2NvbG9yX3RvcCI7czo2OiJmNWNmMGYiO3M6Mjg6InRoZW1lX2hlYWRlcl9iZ19jb2xvcl9ib3R0b20iO3M6NjoiZThjMDBlIjtzOjIzOiJ0aGVtZV9oZWFkZXJfdGV4dF9jb2xvciI7czo2OiJmNWYzZTgiO3M6Mzc6InRoZW1lX25hdmlnYXRpb25fYmFja2dyb3VuZF9jb2xvcl90b3AiO3M6NjoiNTI0NzFjIjtzOjQwOiJ0aGVtZV9uYXZpZ2F0aW9uX2JhY2tncm91bmRfY29sb3JfYm90dG9tIjtzOjY6IjQxMzgxMCI7czoyNzoidGhlbWVfbmF2aWdhdGlvbl90ZXh0X2NvbG9yIjtzOjY6ImYwZWNkOCI7czozMzoidGhlbWVfbmF2aWdhdGlvbl90ZXh0X2hvdmVyX2NvbG9yIjtzOjY6ImY1ZjNlOCI7czozMjoidGhlbWVfc3VibmF2aWdhdGlvbl9iZ19jb2xvcl90b3AiO3M6NjoiZGJkN2MzIjtzOjM1OiJ0aGVtZV9zdWJuYXZpZ2F0aW9uX2JnX2NvbG9yX2JvdHRvbSI7czo2OiJlY2U4ZDIiO3M6MzA6InRoZW1lX3N1Ym5hdmlnYXRpb25fdGV4dF9jb2xvciI7czo2OiI2MzU3MmEiO3M6Mzc6InRoZW1lX3N1Ym5hdmlnYXRpb25fdGV4dF9hY3RpdmVfY29sb3IiO3M6NjoiNDEzODEwIjtzOjMzOiJ0aGVtZV93aWRnZXRfaGVhZGluZ19iZ19jb2xvcl90b3AiO3M6NjoiZThjMDBlIjtzOjM2OiJ0aGVtZV93aWRnZXRfaGVhZGluZ19iZ19jb2xvcl9ib3R0b20iO3M6NjoiZjVjZjBmIjtzOjM4OiJ0aGVtZV93aWRnZXRfaWNvbl9oZWFkaW5nX2JnX2NvbG9yX3RvcCI7czo2OiJmMGNhMGMiO3M6NDE6InRoZW1lX3dpZGdldF9pY29uX2hlYWRpbmdfYmdfY29sb3JfYm90dG9tIjtzOjY6ImU2YmEwYyI7czoyMDoidGhlbWVfYm94X3RleHRfY29sb3IiO3M6NjoiZmZmZmZmIjtzOjE3OiJ0aGVtZV90ZXh0X3NoYWRvdyI7czo2OiI3MDYzMzEiO3M6MjQ6InRoZW1lX2FjdGlvbnNfdGV4dF9jb2xvciI7czo2OiI0MTM4MTAiO3M6MjQ6InRoZW1lX2hpZ2hsaWdodF9iZ19jb2xvciI7czo2OiJmZmZmZDEiO31zOjg6ImxvZ29fdXJsIjtzOjA6IiI7fQ=='),
(8, 1, 'Standard Issue', 'admin', 'YToyOntzOjY6ImNvbG9ycyI7YToxOTp7czoyNToidGhlbWVfaGVhZGVyX2JnX2NvbG9yX3RvcCI7czo2OiI3Yjg0NTAiO3M6Mjg6InRoZW1lX2hlYWRlcl9iZ19jb2xvcl9ib3R0b20iO3M6NjoiNjg3MDQyIjtzOjIzOiJ0aGVtZV9oZWFkZXJfdGV4dF9jb2xvciI7czo2OiJmZGZmZjAiO3M6Mzc6InRoZW1lX25hdmlnYXRpb25fYmFja2dyb3VuZF9jb2xvcl90b3AiO3M6NjoiOTc5Zjc5IjtzOjQwOiJ0aGVtZV9uYXZpZ2F0aW9uX2JhY2tncm91bmRfY29sb3JfYm90dG9tIjtzOjY6IjhjOTQ2YiI7czoyNzoidGhlbWVfbmF2aWdhdGlvbl90ZXh0X2NvbG9yIjtzOjY6ImU5ZWJkYSI7czozMzoidGhlbWVfbmF2aWdhdGlvbl90ZXh0X2hvdmVyX2NvbG9yIjtzOjY6ImZmZmZmZiI7czozMjoidGhlbWVfc3VibmF2aWdhdGlvbl9iZ19jb2xvcl90b3AiO3M6NjoiNjk2MDQxIjtzOjM1OiJ0aGVtZV9zdWJuYXZpZ2F0aW9uX2JnX2NvbG9yX2JvdHRvbSI7czo2OiI3ZDcxNDkiO3M6MzA6InRoZW1lX3N1Ym5hdmlnYXRpb25fdGV4dF9jb2xvciI7czo2OiJiMGEwNmYiO3M6Mzc6InRoZW1lX3N1Ym5hdmlnYXRpb25fdGV4dF9hY3RpdmVfY29sb3IiO3M6NjoiZDFjNWEzIjtzOjMzOiJ0aGVtZV93aWRnZXRfaGVhZGluZ19iZ19jb2xvcl90b3AiO3M6NjoiN2I4NDUwIjtzOjM2OiJ0aGVtZV93aWRnZXRfaGVhZGluZ19iZ19jb2xvcl9ib3R0b20iO3M6NjoiOTU5ZTY3IjtzOjM4OiJ0aGVtZV93aWRnZXRfaWNvbl9oZWFkaW5nX2JnX2NvbG9yX3RvcCI7czo2OiI5NTllNjciO3M6NDE6InRoZW1lX3dpZGdldF9pY29uX2hlYWRpbmdfYmdfY29sb3JfYm90dG9tIjtzOjY6IjdiODQ1MCI7czoyMDoidGhlbWVfYm94X3RleHRfY29sb3IiO3M6NjoiZmZmZmZmIjtzOjE3OiJ0aGVtZV90ZXh0X3NoYWRvdyI7czo2OiI1YzYzMzgiO3M6MjQ6InRoZW1lX2FjdGlvbnNfdGV4dF9jb2xvciI7czo2OiI2OTYwNDEiO3M6MjQ6InRoZW1lX2hpZ2hsaWdodF9iZ19jb2xvciI7czo2OiJmYWZmZTAiO31zOjg6ImxvZ29fdXJsIjtzOjA6IiI7fQ=='),
(9, 1, 'Yesteryear', 'admin', 'YToyOntzOjY6ImNvbG9ycyI7YToxOTp7czoyNToidGhlbWVfaGVhZGVyX2JnX2NvbG9yX3RvcCI7czo2OiIxYTRkODAiO3M6Mjg6InRoZW1lX2hlYWRlcl9iZ19jb2xvcl9ib3R0b20iO3M6NjoiMWE0ZDgwIjtzOjIzOiJ0aGVtZV9oZWFkZXJfdGV4dF9jb2xvciI7czo2OiJmZmZmZmYiO3M6Mzc6InRoZW1lX25hdmlnYXRpb25fYmFja2dyb3VuZF9jb2xvcl90b3AiO3M6NjoiMjE2MmEzIjtzOjQwOiJ0aGVtZV9uYXZpZ2F0aW9uX2JhY2tncm91bmRfY29sb3JfYm90dG9tIjtzOjY6IjIxNjJhMyI7czoyNzoidGhlbWVfbmF2aWdhdGlvbl90ZXh0X2NvbG9yIjtzOjY6ImZmZmZmZiI7czozMzoidGhlbWVfbmF2aWdhdGlvbl90ZXh0X2hvdmVyX2NvbG9yIjtzOjY6IjAwMDAwMCI7czozMjoidGhlbWVfc3VibmF2aWdhdGlvbl9iZ19jb2xvcl90b3AiO3M6NjoiZTlmMGZlIjtzOjM1OiJ0aGVtZV9zdWJuYXZpZ2F0aW9uX2JnX2NvbG9yX2JvdHRvbSI7czo2OiJlOWYwZmUiO3M6MzA6InRoZW1lX3N1Ym5hdmlnYXRpb25fdGV4dF9jb2xvciI7czo2OiIzZDNjM2QiO3M6Mzc6InRoZW1lX3N1Ym5hdmlnYXRpb25fdGV4dF9hY3RpdmVfY29sb3IiO3M6NjoiMDAwMDAwIjtzOjMzOiJ0aGVtZV93aWRnZXRfaGVhZGluZ19iZ19jb2xvcl90b3AiO3M6NjoiZTBlMGUwIjtzOjM2OiJ0aGVtZV93aWRnZXRfaGVhZGluZ19iZ19jb2xvcl9ib3R0b20iO3M6NjoiZTBlMGUwIjtzOjM4OiJ0aGVtZV93aWRnZXRfaWNvbl9oZWFkaW5nX2JnX2NvbG9yX3RvcCI7czo2OiJkOWQ1ZDkiO3M6NDE6InRoZW1lX3dpZGdldF9pY29uX2hlYWRpbmdfYmdfY29sb3JfYm90dG9tIjtzOjY6ImQ5ZDVkOSI7czoyMDoidGhlbWVfYm94X3RleHRfY29sb3IiO3M6NjoiMDAwMDAwIjtzOjE3OiJ0aGVtZV90ZXh0X3NoYWRvdyI7czo2OiJiYWJhYmEiO3M6MjQ6InRoZW1lX2FjdGlvbnNfdGV4dF9jb2xvciI7czo2OiIyMDJmNjAiO3M6MjQ6InRoZW1lX2hpZ2hsaWdodF9iZ19jb2xvciI7czo2OiJlOWYwZmUiO31zOjg6ImxvZ29fdXJsIjtzOjA6IiI7fQ=='),
(10, 1, 'Galactic', 'admin', 'YToyOntzOjY6ImNvbG9ycyI7YToxOTp7czoyNToidGhlbWVfaGVhZGVyX2JnX2NvbG9yX3RvcCI7czo2OiIxZjFmMWYiO3M6Mjg6InRoZW1lX2hlYWRlcl9iZ19jb2xvcl9ib3R0b20iO3M6NjoiMzAzMDMwIjtzOjIzOiJ0aGVtZV9oZWFkZXJfdGV4dF9jb2xvciI7czo2OiJmMGYwZjAiO3M6Mzc6InRoZW1lX25hdmlnYXRpb25fYmFja2dyb3VuZF9jb2xvcl90b3AiO3M6NjoiYzljN2M5IjtzOjQwOiJ0aGVtZV9uYXZpZ2F0aW9uX2JhY2tncm91bmRfY29sb3JfYm90dG9tIjtzOjY6ImJhYjZiYSI7czoyNzoidGhlbWVfbmF2aWdhdGlvbl90ZXh0X2NvbG9yIjtzOjY6ImYwZjBmMCI7czozMzoidGhlbWVfbmF2aWdhdGlvbl90ZXh0X2hvdmVyX2NvbG9yIjtzOjY6ImZmZmZmZiI7czozMjoidGhlbWVfc3VibmF2aWdhdGlvbl9iZ19jb2xvcl90b3AiO3M6NjoiZDY0MDAwIjtzOjM1OiJ0aGVtZV9zdWJuYXZpZ2F0aW9uX2JnX2NvbG9yX2JvdHRvbSI7czo2OiJmMDQ4MDAiO3M6MzA6InRoZW1lX3N1Ym5hdmlnYXRpb25fdGV4dF9jb2xvciI7czo2OiJmYWFkOGMiO3M6Mzc6InRoZW1lX3N1Ym5hdmlnYXRpb25fdGV4dF9hY3RpdmVfY29sb3IiO3M6NjoiZjdjZWJjIjtzOjMzOiJ0aGVtZV93aWRnZXRfaGVhZGluZ19iZ19jb2xvcl90b3AiO3M6NjoiMzAzMDMwIjtzOjM2OiJ0aGVtZV93aWRnZXRfaGVhZGluZ19iZ19jb2xvcl9ib3R0b20iO3M6NjoiMWYxZjFmIjtzOjM4OiJ0aGVtZV93aWRnZXRfaWNvbl9oZWFkaW5nX2JnX2NvbG9yX3RvcCI7czo2OiIzMDJmMzAiO3M6NDE6InRoZW1lX3dpZGdldF9pY29uX2hlYWRpbmdfYmdfY29sb3JfYm90dG9tIjtzOjY6IjM4MzgzOCI7czoyMDoidGhlbWVfYm94X3RleHRfY29sb3IiO3M6NjoiZjBmMGYwIjtzOjE3OiJ0aGVtZV90ZXh0X3NoYWRvdyI7czo2OiIyNDI0MjQiO3M6MjQ6InRoZW1lX2FjdGlvbnNfdGV4dF9jb2xvciI7czo2OiJkNjQwMDAiO3M6MjQ6InRoZW1lX2hpZ2hsaWdodF9iZ19jb2xvciI7czo2OiJmZmYxZWIiO31zOjg6ImxvZ29fdXJsIjtzOjA6IiI7fQ=='),
(11, 1, 'Sponge', 'admin', 'YToyOntzOjY6ImNvbG9ycyI7YToxOTp7czoyNToidGhlbWVfaGVhZGVyX2JnX2NvbG9yX3RvcCI7czo2OiJhOWNkZDYiO3M6Mjg6InRoZW1lX2hlYWRlcl9iZ19jb2xvcl9ib3R0b20iO3M6NjoiOWJjMmNjIjtzOjIzOiJ0aGVtZV9oZWFkZXJfdGV4dF9jb2xvciI7czo2OiJmZmZmZmYiO3M6Mzc6InRoZW1lX25hdmlnYXRpb25fYmFja2dyb3VuZF9jb2xvcl90b3AiO3M6NjoiYmNhYTkyIjtzOjQwOiJ0aGVtZV9uYXZpZ2F0aW9uX2JhY2tncm91bmRfY29sb3JfYm90dG9tIjtzOjY6ImJhYTg5MCI7czoyNzoidGhlbWVfbmF2aWdhdGlvbl90ZXh0X2NvbG9yIjtzOjY6ImYyZWVlOSI7czozMzoidGhlbWVfbmF2aWdhdGlvbl90ZXh0X2hvdmVyX2NvbG9yIjtzOjY6ImZmZmZmZiI7czozMjoidGhlbWVfc3VibmF2aWdhdGlvbl9iZ19jb2xvcl90b3AiO3M6NjoiNjU2MjU3IjtzOjM1OiJ0aGVtZV9zdWJuYXZpZ2F0aW9uX2JnX2NvbG9yX2JvdHRvbSI7czo2OiI3ODc3NzMiO3M6MzA6InRoZW1lX3N1Ym5hdmlnYXRpb25fdGV4dF9jb2xvciI7czo2OiJiOGI0YTUiO3M6Mzc6InRoZW1lX3N1Ym5hdmlnYXRpb25fdGV4dF9hY3RpdmVfY29sb3IiO3M6NjoiZDFjY2JjIjtzOjMzOiJ0aGVtZV93aWRnZXRfaGVhZGluZ19iZ19jb2xvcl90b3AiO3M6NjoiYTljZGQ2IjtzOjM2OiJ0aGVtZV93aWRnZXRfaGVhZGluZ19iZ19jb2xvcl9ib3R0b20iO3M6NjoiOWZjN2QxIjtzOjM4OiJ0aGVtZV93aWRnZXRfaWNvbl9oZWFkaW5nX2JnX2NvbG9yX3RvcCI7czo2OiI5N2MxY2MiO3M6NDE6InRoZW1lX3dpZGdldF9pY29uX2hlYWRpbmdfYmdfY29sb3JfYm90dG9tIjtzOjY6ImIxZDdlMCI7czoyMDoidGhlbWVfYm94X3RleHRfY29sb3IiO3M6NjoiZmZmZmZmIjtzOjE3OiJ0aGVtZV90ZXh0X3NoYWRvdyI7czo2OiI4MjdmNzIiO3M6MjQ6InRoZW1lX2FjdGlvbnNfdGV4dF9jb2xvciI7czo2OiI2NTYyNTciO3M6MjQ6InRoZW1lX2hpZ2hsaWdodF9iZ19jb2xvciI7czo2OiJlYmZiZmYiO31zOjg6ImxvZ29fdXJsIjtzOjA6IiI7fQ=='),
(12, NULL, 'Blesta Blue', 'client', 'YToyOntzOjY6ImNvbG9ycyI7YToxNDp7czoyNToidGhlbWVfaGVhZGVyX2JnX2NvbG9yX3RvcCI7czo2OiIwMDc0YjIiO3M6Mjg6InRoZW1lX2hlYWRlcl9iZ19jb2xvcl9ib3R0b20iO3M6NjoiNmZiMWQ0IjtzOjM3OiJ0aGVtZV9wYWdlX3RpdGxlX2JhY2tncm91bmRfY29sb3JfdG9wIjtzOjY6IjIyMjMyNiI7czo0MDoidGhlbWVfcGFnZV90aXRsZV9iYWNrZ3JvdW5kX2NvbG9yX2JvdHRvbSI7czo2OiIzNDM1M2EiO3M6Mjc6InRoZW1lX3BhZ2VfdGl0bGVfdGV4dF9jb2xvciI7czo2OiJmZmZmZmYiO3M6NDQ6InRoZW1lX3BhZ2VfdGl0bGVfYnV0dG9uX2JhY2tncm91bmRfY29sb3JfdG9wIjtzOjY6IjFkMWUyMCI7czo0NzoidGhlbWVfcGFnZV90aXRsZV9idXR0b25fYmFja2dyb3VuZF9jb2xvcl9ib3R0b20iO3M6NjoiMmIyYzMwIjtzOjM3OiJ0aGVtZV9uYXZpZ2F0aW9uX2JhY2tncm91bmRfY29sb3JfdG9wIjtzOjY6IjIyMjMyNiI7czo0MDoidGhlbWVfbmF2aWdhdGlvbl9iYWNrZ3JvdW5kX2NvbG9yX2JvdHRvbSI7czo2OiIzNDM1M2EiO3M6Mjc6InRoZW1lX25hdmlnYXRpb25fdGV4dF9jb2xvciI7czo2OiJiN2I3YjciO3M6MzQ6InRoZW1lX25hdmlnYXRpb25fdGV4dF9hY3RpdmVfY29sb3IiO3M6NjoiZmZmZmZmIjtzOjI3OiJ0aGVtZV9wYWdlX2JhY2tncm91bmRfY29sb3IiO3M6NjoiZjhmOGY4IjtzOjE2OiJ0aGVtZV9saW5rX2NvbG9yIjtzOjY6IjAwNzRiMiI7czoyNToidGhlbWVfbGlua19zZXR0aW5nc19jb2xvciI7czo2OiI4Y2MyNGEiO31zOjg6ImxvZ29fdXJsIjtzOjA6IiI7fQ=='),
(13, 1, 'Minegrass', 'client', 'YToyOntzOjY6ImNvbG9ycyI7YToxNDp7czoyNToidGhlbWVfaGVhZGVyX2JnX2NvbG9yX3RvcCI7czo2OiIzZDZjMjAiO3M6Mjg6InRoZW1lX2hlYWRlcl9iZ19jb2xvcl9ib3R0b20iO3M6NjoiNmM5YTNmIjtzOjM3OiJ0aGVtZV9wYWdlX3RpdGxlX2JhY2tncm91bmRfY29sb3JfdG9wIjtzOjY6IjUyMzkyMiI7czo0MDoidGhlbWVfcGFnZV90aXRsZV9iYWNrZ3JvdW5kX2NvbG9yX2JvdHRvbSI7czo2OiIzZDI4MTUiO3M6Mjc6InRoZW1lX3BhZ2VfdGl0bGVfdGV4dF9jb2xvciI7czo2OiJmZmZmZmYiO3M6NDQ6InRoZW1lX3BhZ2VfdGl0bGVfYnV0dG9uX2JhY2tncm91bmRfY29sb3JfdG9wIjtzOjY6IjcxNTMzYiI7czo0NzoidGhlbWVfcGFnZV90aXRsZV9idXR0b25fYmFja2dyb3VuZF9jb2xvcl9ib3R0b20iO3M6NjoiNzE1MzNiIjtzOjM3OiJ0aGVtZV9uYXZpZ2F0aW9uX2JhY2tncm91bmRfY29sb3JfdG9wIjtzOjY6IjMzMWYwZSI7czo0MDoidGhlbWVfbmF2aWdhdGlvbl9iYWNrZ3JvdW5kX2NvbG9yX2JvdHRvbSI7czo2OiI2MTQ2MmUiO3M6Mjc6InRoZW1lX25hdmlnYXRpb25fdGV4dF9jb2xvciI7czo2OiJlMGNlYzAiO3M6MzQ6InRoZW1lX25hdmlnYXRpb25fdGV4dF9hY3RpdmVfY29sb3IiO3M6NjoiZThlM2RmIjtzOjI3OiJ0aGVtZV9wYWdlX2JhY2tncm91bmRfY29sb3IiO3M6NjoiZjVmMmYwIjtzOjE2OiJ0aGVtZV9saW5rX2NvbG9yIjtzOjY6IjZjOWEzZiI7czoyNToidGhlbWVfbGlua19zZXR0aW5nc19jb2xvciI7czo2OiI2YzlhM2YiO31zOjg6ImxvZ29fdXJsIjtzOjA6IiI7fQ=='),
(14, 1, 'Cloudy Day', 'client', 'YToyOntzOjY6ImNvbG9ycyI7YToxNDp7czoyNToidGhlbWVfaGVhZGVyX2JnX2NvbG9yX3RvcCI7czo2OiJiNmI1YWUiO3M6Mjg6InRoZW1lX2hlYWRlcl9iZ19jb2xvcl9ib3R0b20iO3M6NjoiYjZiNWFlIjtzOjM3OiJ0aGVtZV9wYWdlX3RpdGxlX2JhY2tncm91bmRfY29sb3JfdG9wIjtzOjY6ImM5YzhjMSI7czo0MDoidGhlbWVfcGFnZV90aXRsZV9iYWNrZ3JvdW5kX2NvbG9yX2JvdHRvbSI7czo2OiJkOWQ4ZDAiO3M6Mjc6InRoZW1lX3BhZ2VfdGl0bGVfdGV4dF9jb2xvciI7czo2OiI2ZTZkNjgiO3M6NDQ6InRoZW1lX3BhZ2VfdGl0bGVfYnV0dG9uX2JhY2tncm91bmRfY29sb3JfdG9wIjtzOjY6ImQ5ZDhkMCI7czo0NzoidGhlbWVfcGFnZV90aXRsZV9idXR0b25fYmFja2dyb3VuZF9jb2xvcl9ib3R0b20iO3M6NjoiYzljOGMxIjtzOjM3OiJ0aGVtZV9uYXZpZ2F0aW9uX2JhY2tncm91bmRfY29sb3JfdG9wIjtzOjY6ImM5YzhjMSI7czo0MDoidGhlbWVfbmF2aWdhdGlvbl9iYWNrZ3JvdW5kX2NvbG9yX2JvdHRvbSI7czo2OiJkOWQ4ZDAiO3M6Mjc6InRoZW1lX25hdmlnYXRpb25fdGV4dF9jb2xvciI7czo2OiI4ZjhlODkiO3M6MzQ6InRoZW1lX25hdmlnYXRpb25fdGV4dF9hY3RpdmVfY29sb3IiO3M6NjoiNmU2ZDY4IjtzOjI3OiJ0aGVtZV9wYWdlX2JhY2tncm91bmRfY29sb3IiO3M6NjoiZjVmNWYyIjtzOjE2OiJ0aGVtZV9saW5rX2NvbG9yIjtzOjY6IjZlNmQ2OCI7czoyNToidGhlbWVfbGlua19zZXR0aW5nc19jb2xvciI7czo2OiI2ZTZkNjgiO31zOjg6ImxvZ29fdXJsIjtzOjA6IiI7fQ=='),
(15, 1, 'Vintage', 'client', 'YToyOntzOjY6ImNvbG9ycyI7YToxNDp7czoyNToidGhlbWVfaGVhZGVyX2JnX2NvbG9yX3RvcCI7czo2OiJhMzJjMjgiO3M6Mjg6InRoZW1lX2hlYWRlcl9iZ19jb2xvcl9ib3R0b20iO3M6NjoiYTMyYzI4IjtzOjM3OiJ0aGVtZV9wYWdlX3RpdGxlX2JhY2tncm91bmRfY29sb3JfdG9wIjtzOjY6ImJjYTg3NSI7czo0MDoidGhlbWVfcGFnZV90aXRsZV9iYWNrZ3JvdW5kX2NvbG9yX2JvdHRvbSI7czo2OiJhZDk4NjIiO3M6Mjc6InRoZW1lX3BhZ2VfdGl0bGVfdGV4dF9jb2xvciI7czo2OiJmZmZjZjUiO3M6NDQ6InRoZW1lX3BhZ2VfdGl0bGVfYnV0dG9uX2JhY2tncm91bmRfY29sb3JfdG9wIjtzOjY6ImMyYWY4MCI7czo0NzoidGhlbWVfcGFnZV90aXRsZV9idXR0b25fYmFja2dyb3VuZF9jb2xvcl9ib3R0b20iO3M6NjoiYzJhZjgwIjtzOjM3OiJ0aGVtZV9uYXZpZ2F0aW9uX2JhY2tncm91bmRfY29sb3JfdG9wIjtzOjY6Ijk0ODA0ZCI7czo0MDoidGhlbWVfbmF2aWdhdGlvbl9iYWNrZ3JvdW5kX2NvbG9yX2JvdHRvbSI7czo2OiJiY2E4NzUiO3M6Mjc6InRoZW1lX25hdmlnYXRpb25fdGV4dF9jb2xvciI7czo2OiJmMGU5ZDgiO3M6MzQ6InRoZW1lX25hdmlnYXRpb25fdGV4dF9hY3RpdmVfY29sb3IiO3M6NjoiZmZmY2Y1IjtzOjI3OiJ0aGVtZV9wYWdlX2JhY2tncm91bmRfY29sb3IiO3M6NjoiZmFmN2YwIjtzOjE2OiJ0aGVtZV9saW5rX2NvbG9yIjtzOjY6IjFjMDkwYiI7czoyNToidGhlbWVfbGlua19zZXR0aW5nc19jb2xvciI7czo2OiIxYzA5MGIiO31zOjg6ImxvZ29fdXJsIjtzOjA6IiI7fQ=='),
(16, 1, 'Clean', 'client', 'YToyOntzOjY6ImNvbG9ycyI7YToxNDp7czoyNToidGhlbWVfaGVhZGVyX2JnX2NvbG9yX3RvcCI7czo2OiJmZmZmZmYiO3M6Mjg6InRoZW1lX2hlYWRlcl9iZ19jb2xvcl9ib3R0b20iO3M6NjoiZmZmZmZmIjtzOjM3OiJ0aGVtZV9wYWdlX3RpdGxlX2JhY2tncm91bmRfY29sb3JfdG9wIjtzOjY6ImY1ZjVmNSI7czo0MDoidGhlbWVfcGFnZV90aXRsZV9iYWNrZ3JvdW5kX2NvbG9yX2JvdHRvbSI7czo2OiJmNWY1ZjUiO3M6Mjc6InRoZW1lX3BhZ2VfdGl0bGVfdGV4dF9jb2xvciI7czo2OiIzMzMzMzMiO3M6NDQ6InRoZW1lX3BhZ2VfdGl0bGVfYnV0dG9uX2JhY2tncm91bmRfY29sb3JfdG9wIjtzOjY6IjMzMzMzMyI7czo0NzoidGhlbWVfcGFnZV90aXRsZV9idXR0b25fYmFja2dyb3VuZF9jb2xvcl9ib3R0b20iO3M6NjoiMzMzMzMzIjtzOjM3OiJ0aGVtZV9uYXZpZ2F0aW9uX2JhY2tncm91bmRfY29sb3JfdG9wIjtzOjY6ImI1MmQwMCI7czo0MDoidGhlbWVfbmF2aWdhdGlvbl9iYWNrZ3JvdW5kX2NvbG9yX2JvdHRvbSI7czo2OiJiNTJkMDAiO3M6Mjc6InRoZW1lX25hdmlnYXRpb25fdGV4dF9jb2xvciI7czo2OiJlYmU5ZDkiO3M6MzQ6InRoZW1lX25hdmlnYXRpb25fdGV4dF9hY3RpdmVfY29sb3IiO3M6NjoiZmFmYWY1IjtzOjI3OiJ0aGVtZV9wYWdlX2JhY2tncm91bmRfY29sb3IiO3M6NjoiZmZmZmZmIjtzOjE2OiJ0aGVtZV9saW5rX2NvbG9yIjtzOjY6ImI1MmQwMCI7czoyNToidGhlbWVfbGlua19zZXR0aW5nc19jb2xvciI7czo2OiJiNTJkMDAiO31zOjg6ImxvZ29fdXJsIjtzOjA6IiI7fQ==');

-- 
-- Dumping data for table `transaction_types`
-- 

INSERT INTO `transaction_types` (`id`, `name`, `is_lang`) VALUES 
(1, 'cash', 1),
(2, 'check', 1),
(3, 'money_order', 1),
(4, 'in_house_credit', 1);
